"","site_code","Taxon","cover.change","leafN.mg.g","height.m","rootN.mg.g","SLA_m2.kg","root.depth_m","rootDiam.mm","SRL.groot.cahill.merge","RTD.groot.cahill.merge","RMF.g.g","local_lifespan","local_lifeform","functional_group","plant_id","impute.leafN.mg.g","impute.height.m","impute.rootN.mg.g","impute.SLA_m2.kg","impute.root.depth_m","impute.rootDiam.mm","impute.SRL.groot.cahill.merge","impute.RTD.groot.cahill.merge","impute.RMF.g.g","leafN.final","height.final","rootN.final","SLA.final","root.depth.final","rootDiam.final","SRL.final","RTD.final","RMF.final"
"1","jilpanger.au","ACAENA ECHINATA",-3.5,NA,0.3384125,NA,13.19,NA,NA,NA,NA,NA,"PERENNIAL","FORB","FORB",4,19.3234786126206,0.351397153674581,8.73258201188444,14.7654288262614,0.887186341815504,0.361660376408523,19.4637826948792,0.365026376498223,0.294337512172909,19.3234786126206,0.3384125,8.73258201188444,13.19,0.887186341815504,0.361660376408523,19.4637826948792,0.365026376498223,0.294337512172909
"2","matador.ca","ACHILLEA MILLEFOLIUM",0.75,16.44,0.1575,8.489473684,30.38,0.2032,0.738525,116.0295267,0.210703923,0.553384646,"PERENNIAL","FORB","FORB",7,16.4758615965537,0.158244870344018,8.50422934691656,30.1519928260649,0.204406976508204,0.7340002239909,115.685831714206,0.209842809785865,0.551059974098397,16.44,0.1575,8.489473684,30.38,0.2032,0.738525,116.0295267,0.210703923,0.553384646
"3","oreac.us","ACHILLEA MILLEFOLIUM",3.333333332,16.44,0.1575,8.489473684,30.38,0.2032,0.738525,116.0295267,0.210703923,0.553384646,"PERENNIAL","FORB","FORB",8,16.4863042400164,0.157567593359363,8.50077241579706,30.1793807136109,0.205082323024367,0.730561633316891,115.36704631083,0.210279001156327,0.551325446136116,16.44,0.1575,8.489473684,30.38,0.2032,0.738525,116.0295267,0.210703923,0.553384646
"4","cedartrait.us","ACHILLEA MILLEFOLIUM",2.5,16.44,0.1575,8.489473684,30.38,0.2032,0.738525,116.0295267,0.210703923,0.553384646,"PERENNIAL","FORB","FORB",9,16.4680474709936,0.157850097302221,8.49647549891379,30.2717520600313,0.20456021731588,0.732095958638497,115.678875436846,0.209902637486651,0.549649618747727,16.44,0.1575,8.489473684,30.38,0.2032,0.738525,116.0295267,0.210703923,0.553384646
"5","allmendo.ch","ACHILLEA MILLEFOLIUM",-1.125,16.44,0.1575,8.489473684,30.38,0.2032,0.738525,116.0295267,0.210703923,0.553384646,"PERENNIAL","FORB","FORB",10,16.4846805968468,0.157753136689053,8.50261461676774,30.271653432724,0.204645568617023,0.731895139507862,115.348548281648,0.210339257587212,0.551102318795894,16.44,0.1575,8.489473684,30.38,0.2032,0.738525,116.0295267,0.210703923,0.553384646
"6","allmendb.ch","ACHILLEA MILLEFOLIUM",-1.125,16.44,0.1575,8.489473684,30.38,0.2032,0.738525,116.0295267,0.210703923,0.553384646,"PERENNIAL","FORB","FORB",11,16.4902016361238,0.157937950185512,8.50190145936091,30.2911879078956,0.204054882831057,0.730714671489171,115.325429916033,0.210327996235414,0.549183058130417,16.44,0.1575,8.489473684,30.38,0.2032,0.738525,116.0295267,0.210703923,0.553384646
"7","kernb.ca","ACHILLEA MILLEFOLIUM",0.333333334,16.44,0.1575,8.489473684,30.38,0.2032,0.738525,116.0295267,0.210703923,0.553384646,"PERENNIAL","FORB","FORB",12,16.4739144780515,0.158042615768589,8.49145857935456,30.1884608942782,0.205068317316442,0.733256955333655,115.277409903866,0.210216632635525,0.551131132512098,16.44,0.1575,8.489473684,30.38,0.2032,0.738525,116.0295267,0.210703923,0.553384646
"8","elvadrt.ee","ACHILLEA MILLEFOLIUM",6,16.44,0.1575,8.489473684,30.38,0.2032,0.738525,116.0295267,0.210703923,0.553384646,"PERENNIAL","FORB","FORB",13,16.4675473850354,0.157724407366253,8.49301182550066,30.2017090884812,0.204201828865004,0.731781005473753,115.410476950096,0.20965432744459,0.550680326879216,16.44,0.1575,8.489473684,30.38,0.2032,0.738525,116.0295267,0.210703923,0.553384646
"9","brookdale.ca","ACHILLEA MILLEFOLIUM",0.5,16.44,0.1575,8.489473684,30.38,0.2032,0.738525,116.0295267,0.210703923,0.553384646,"PERENNIAL","FORB","FORB",14,16.4825430438793,0.157894017633653,8.50722186598459,30.2111240851793,0.204656523352867,0.732761304986116,115.807247426829,0.210236406017104,0.550751872551308,16.44,0.1575,8.489473684,30.38,0.2032,0.738525,116.0295267,0.210703923,0.553384646
"10","hard.us","ACHILLEA MILLEFOLIUM",-5.25,16.44,0.1575,8.489473684,30.38,0.2032,0.738525,116.0295267,0.210703923,0.553384646,"PERENNIAL","FORB","FORB",15,16.4749691386744,0.158257856387689,8.50186184125889,30.2348221799328,0.205134947609626,0.732945674467518,115.378095159743,0.210124482794706,0.550767578942975,16.44,0.1575,8.489473684,30.38,0.2032,0.738525,116.0295267,0.210703923,0.553384646
"11","cmss.us","ACHILLEA MILLEFOLIUM",-22,16.44,0.1575,8.489473684,30.38,0.2032,0.738525,116.0295267,0.210703923,0.553384646,"PERENNIAL","FORB","FORB",16,16.4648039403934,0.158237269251926,8.49248744949571,30.1700739054526,0.2043956578515,0.732406044889495,115.443896259382,0.210022951886739,0.551418042112094,16.44,0.1575,8.489473684,30.38,0.2032,0.738525,116.0295267,0.210703923,0.553384646
"12","jrnchi.us","ACOURTIA NANA",-2.0048392,18.76667,NA,NA,NA,NA,NA,NA,NA,NA,"PERENNIAL","FORB","FORB",20,18.7822537074503,0.256460929510952,9.69378804437053,19.1639888135222,0.447250254253622,0.40187566860494,86.8756571952762,0.169660417772908,0.387157949571343,18.76667,0.256460929510952,9.69378804437053,19.1639888135222,0.447250254253622,0.40187566860494,86.8756571952762,0.169660417772908,0.387157949571343
"13","matador.ca","AGOSERIS GLAUCA",0,17.2,0.2844,11.68,19.43598453,0.1524,NA,56.33396667,NA,0.477367848,"PERENNIAL","FORB","FORB",23,17.4580749271179,0.280503840577153,11.4011411754885,19.3454117383437,0.199372697918258,0.378291948771889,62.6211317069244,0.19792186326659,0.450831391372991,17.2,0.2844,11.68,19.43598453,0.1524,0.378291948771889,56.33396667,0.19792186326659,0.477367848
"14","passogavia.it","ALCHEMILLA PENTAPHYLLEA",2.8,37.4,0.07,NA,21,NA,NA,NA,NA,NA,"PERENNIAL","FORB","FORB",35,30.9462286805803,0.1461889685992,8.89472549225859,21.0319605861277,0.724644293350191,0.357925098385026,21.2409839612021,0.344486462224829,0.305274063106795,37.4,0.07,8.89472549225859,21,0.724644293350191,0.357925098385026,21.2409839612021,0.344486462224829,0.305274063106795
"15","kiskun.hu","ALKANNA TINCTORIA",1.833333334,11.2,0.4,NA,31.44654088,NA,NA,NA,NA,NA,"PERENNIAL","FORB","FORB",36,14.9003033025997,0.290238266609204,3.19121064912084,24.2142591587183,2.0107404826857,0.342577538875297,79.5202511615381,0.318488457817319,0.18300407637465,11.2,0.4,3.19121064912084,31.44654088,2.0107404826857,0.342577538875297,79.5202511615381,0.318488457817319,0.18300407637465
"16","cerrillos.ar","ALLIONIA INCARNATA",0.31,NA,0.04,NA,17.44222169,0.37,NA,10.31,NA,NA,"PERENNIAL","FORB","FORB",37,17.3043933317306,0.0299219384911379,8.3243508313715,12.8650112604386,0.398403947597212,0.279085158935571,11.3027250957834,0.359064080578678,0.52752598582173,17.3043933317306,0.04,8.3243508313715,17.44222169,0.37,0.279085158935571,10.31,0.359064080578678,0.52752598582173
"17","rhijn.nl","ALLIUM VINEALE",0,NA,0.5375,NA,16.97482573,0.7,NA,NA,NA,0.3951,"PERENNIAL","FORB","FORB",39,18.3636358238596,0.481614512748334,14.9295133078225,15.0460880484779,0.483216016325591,0.952625844097615,173.062887492613,0.0603353019114062,0.364300826194857,18.3636358238596,0.5375,14.9295133078225,16.97482573,0.7,0.952625844097615,173.062887492613,0.0603353019114062,0.3951
"18","cedarsav.us","AMBROSIA PSILOSTACHYA",-4.833333333,26.3,0.359666667,12.898947,18.22,0.99,0.443566667,72.86941615,0.373588,NA,"PERENNIAL","FORB","FORB",46,26.5361251082779,0.358077969588946,12.8693448580637,18.0052950762647,0.978259264854475,0.43907121782393,71.7808040854994,0.347930148026334,0.403165069054059,26.3,0.359666667,12.898947,18.22,0.99,0.443566667,72.86941615,0.373588,0.403165069054059
"19","konzadrt.us","AMBROSIA PSILOSTACHYA",-16.2,26.3,0.359666667,12.898947,18.22,0.99,0.443566667,72.86941615,0.373588,NA,"PERENNIAL","FORB","FORB",47,26.4870146145848,0.355516456924863,12.8860573838657,18.0853512970193,0.974181504139144,0.437272059434233,71.4049887239356,0.349318455316144,0.404509619848505,26.3,0.359666667,12.898947,18.22,0.99,0.443566667,72.86941615,0.373588,0.404509619848505
"20","marcdrt.ar","AMBROSIA TENUIFOLIA",11.66666667,28.1,0.533333333,NA,11.245,NA,NA,NA,NA,NA,"PERENNIAL","FORB","FORB",48,28.0176908940226,0.479501409702927,12.8182022649695,12.1093451175789,0.798057385550503,0.386093843381734,81.747286386674,0.211957388215387,0.391791950182474,28.1,0.533333333,12.8182022649695,11.245,0.798057385550503,0.386093843381734,81.747286386674,0.211957388215387,0.391791950182474
"21","cedarsav.us","ANEMONE CYLINDRICA",1,19.3307814,0.31,15.7,16.50792287,NA,0.36,11.27767343,0.700029683,0.39625,"PERENNIAL","FORB","FORB",59,20.3311214654887,0.300704460821251,15.065126818451,16.5202451399641,0.372439814754127,0.364362939974214,12.1292446519422,0.595880174166391,0.417434709222239,19.3307814,0.31,15.7,16.50792287,0.372439814754127,0.36,11.27767343,0.700029683,0.39625
"22","paike.ar","ARMERIA MARITIMA",0,17,0.308106667,9.3,13.41474,0.254,0.221876923,NA,NA,NA,"PERENNIAL","FORB","FORB",75,16.5181463931885,0.395938047769644,8.1799773276584,16.0552888263664,0.210671399474139,0.186443193318713,45.3296564671724,0.329190494842442,0.295275848724061,17,0.308106667,9.3,13.41474,0.254,0.221876923,45.3296564671724,0.329190494842442,0.295275848724061
"23","kiskun.hu","ARTEMISIA CAMPESTRIS",-1,28.42,0.637875,9.064339995,13.34316615,1.22,NA,52.76693918,NA,0.547920434,"PERENNIAL","FORB","FORB",78,26.5098069330394,0.568187853903929,9.43011089590163,13.9249378205428,1.03287832305808,0.385547914105621,49.3004535796119,0.232063347438906,0.501792170349685,28.42,0.637875,9.064339995,13.34316615,1.22,0.385547914105621,52.76693918,0.232063347438906,0.547920434
"24","konzadrt.us","ARTEMISIA LUDOVICIANA",-1,19.24454545,0.146666667,11.625,27.64,0.2032,0.679725,11.98698158,0.20378902,0.24225099,"PERENNIAL","FORB","FORB",86,19.3323620402015,0.149137484250483,11.5437860670217,27.4974498612859,0.204640658063718,0.678455617772081,12.6947818411497,0.206289851113279,0.24356155167594,19.24454545,0.146666667,11.625,27.64,0.2032,0.679725,11.98698158,0.20378902,0.24225099
"25","kernnu.ca","ARTEMISIA LUDOVICIANA",1.25,19.24454545,0.146666667,11.625,27.64,0.2032,0.679725,11.98698158,0.20378902,0.24225099,"PERENNIAL","FORB","FORB",87,19.3335362271483,0.148426683671654,11.5380585191652,27.3628598944083,0.205385383185655,0.679308802449005,12.2970953386862,0.20628746305222,0.243281950441744,19.24454545,0.146666667,11.625,27.64,0.2032,0.679725,11.98698158,0.20378902,0.24225099
"26","cedarsav.us","ARTEMISIA LUDOVICIANA",-1.4,19.24454545,0.146666667,11.625,27.64,0.2032,0.679725,11.98698158,0.20378902,0.24225099,"PERENNIAL","FORB","FORB",88,19.3506175998691,0.148950447295278,11.5303859108888,27.478165215213,0.205573505352237,0.678994916032255,12.455556973257,0.206674390620013,0.243443887193258,19.24454545,0.146666667,11.625,27.64,0.2032,0.679725,11.98698158,0.20378902,0.24225099
"27","brookdale.ca","ARTEMISIA LUDOVICIANA",3.533333333,19.24454545,0.146666667,11.625,27.64,0.2032,0.679725,11.98698158,0.20378902,0.24225099,"PERENNIAL","FORB","FORB",89,19.3534288990296,0.148763942651519,11.5527461000149,27.4489654984131,0.20574508931766,0.679548567108639,12.2652578558833,0.207493055547078,0.244063903888457,19.24454545,0.146666667,11.625,27.64,0.2032,0.679725,11.98698158,0.20378902,0.24225099
"28","kernb.ca","ARTEMISIA LUDOVICIANA",-9.5,19.24454545,0.146666667,11.625,27.64,0.2032,0.679725,11.98698158,0.20378902,0.24225099,"PERENNIAL","FORB","FORB",90,19.3366465804301,0.148886365838493,11.5259674080816,27.4563296082314,0.204933230289402,0.677912117590972,12.4026581528365,0.205398047324177,0.243717689516525,19.24454545,0.146666667,11.625,27.64,0.2032,0.679725,11.98698158,0.20378902,0.24225099
"29","elvadrt.ee","ARTEMISIA VULGARIS",-2,44.63333333,1.439387862,NA,21.44697757,NA,0.241066667,270.1683965,0.103788328,0.373838899,"PERENNIAL","FORB","FORB",95,38.169675695487,1.30778948410634,13.0814947324216,21.8943418613477,0.293038779211352,0.256023471001649,238.809212403814,0.107581582443494,0.357587789496914,44.63333333,1.439387862,13.0814947324216,21.44697757,0.293038779211352,0.241066667,270.1683965,0.103788328,0.373838899
"30","cedartrait.us","ASCLEPIAS TUBEROSA",-2,26.19666667,0.4575,19.260113,25.51287911,0.4064,0.5,36.66666667,0.22,0.53,"PERENNIAL","FORB","FORB",96,26.5616409874082,0.445875616629158,17.4465541945823,23.8947183807082,0.467336178566572,0.47563121540158,38.1858726211143,0.220625198701449,0.552336981901356,26.19666667,0.4575,19.260113,25.51287911,0.4064,0.5,36.66666667,0.22,0.53
"31","konzadrt.us","ASCLEPIAS VIRIDIS",1.966666667,30.71,0.456,NA,11.45383188,NA,0.36446,41.57111916,0.320747,0.511032351,"PERENNIAL","FORB","FORB",97,29.5769501380491,0.458277067534449,16.4761272438809,12.8709785597076,0.488999743279273,0.364034585286677,40.7822198792458,0.30314342573841,0.536815741316709,30.71,0.456,16.4761272438809,11.45383188,0.488999743279273,0.36446,41.57111916,0.320747,0.511032351
"32","allmendb.ch","ASPERULA CYNANCHICA",0,15,0.284375,NA,27.91666667,0.93,NA,NA,NA,NA,"PERENNIAL","FORB","FORB",98,15.0814850601476,0.291893884211376,11.5305202384074,26.4513745374437,0.879118820537605,0.206776563423215,103.183426718443,0.220450317317265,0.616918693106353,15,0.284375,11.5305202384074,27.91666667,0.93,0.206776563423215,103.183426718443,0.220450317317265,0.616918693106353
"33","allmendo.ch","ASPERULA CYNANCHICA",0.958333333,15,0.284375,NA,27.91666667,0.93,NA,NA,NA,NA,"PERENNIAL","FORB","FORB",99,15.0869199943481,0.294014057984535,11.5263568129177,26.5517348144914,0.88029281389564,0.206732550896858,103.522943703189,0.218447220645542,0.616534696817917,15,0.284375,11.5263568129177,27.91666667,0.93,0.206732550896858,103.522943703189,0.218447220645542,0.616534696817917
"34","falls.au","ASPERULA GUNNII",-0.5,11.66072727,0.316,NA,21.01661896,NA,NA,NA,NA,NA,"PERENNIAL","FORB","FORB",100,12.4816990161077,0.308189169648174,11.2206338006723,21.5905211224729,0.717192510092135,0.206806459625977,100.059267497589,0.233040913038577,0.605405772077011,11.66072727,0.316,11.2206338006723,21.01661896,0.717192510092135,0.206806459625977,100.059267497589,0.233040913038577,0.605405772077011
"35","cobar.au","BULBINE BULBOSA",0,NA,0.4,NA,33.38,NA,NA,NA,NA,NA,"PERENNIAL","FORB","FORB",157,23.1577636109632,0.360068676572335,14.469918940859,43.0835400172223,0.506405866585554,0.318124246054939,45.6022440301756,0.17047400233517,0.357686379648534,23.1577636109632,0.4,14.469918940859,33.38,0.506405866585554,0.318124246054939,45.6022440301756,0.17047400233517,0.357686379648534
"36","cobar.au","CALOTIS LAPPULACEA",0.666666667,NA,0.5,NA,15.76,NA,NA,NA,NA,NA,"PERENNIAL","FORB","FORB",168,18.6202926281461,0.326008223527076,9.59073705298362,15.2991484526878,0.470735123999909,0.396752810119548,80.8524693177096,0.179233237739638,0.379862097110364,18.6202926281461,0.5,9.59073705298362,15.76,0.470735123999909,0.396752810119548,80.8524693177096,0.179233237739638,0.379862097110364
"37","spvdrt.ar","CARDIONEMA RAMOSISSIMUM",0.666666667,NA,NA,NA,9.801,NA,NA,NA,NA,NA,"PERENNIAL","FORB","FORB",173,23.1293092458063,0.199276856639584,11.6825525448589,9.83409338896361,0.278042184017165,0.190801387155751,82.4424250934878,0.322273738721923,0.252651070298696,23.1293092458063,0.199276856639584,11.6825525448589,9.801,0.278042184017165,0.190801387155751,82.4424250934878,0.322273738721923,0.252651070298696
"38","kernb.ca","CARDUUS NUTANS",0.75,33,1.15,NA,12.355,NA,NA,NA,NA,NA,"PERENNIAL","FORB","FORB",176,23.6900818054695,1.05877108030756,10.1276087698019,17.8334957635659,0.97291821312986,0.412665808994379,175.813387882894,0.0427357582080167,0.339068902331749,33,1.15,10.1276087698019,12.355,0.97291821312986,0.412665808994379,175.813387882894,0.0427357582080167,0.339068902331749
"39","falls.au","CELMISIA COSTINIANA",-1.66666667,6.1918,0.515,NA,9.655536667,NA,NA,NA,NA,NA,"PERENNIAL","FORB","FORB",204,8.59820299212677,0.415801218742363,9.175754284984,11.216363641415,0.560980207087722,0.426684786303455,71.2055282141815,0.200460623932351,0.391972000968688,6.1918,0.515,9.175754284984,9.655536667,0.560980207087722,0.426684786303455,71.2055282141815,0.200460623932351,0.391972000968688
"40","kiskun.hu","CENTAUREA ARENARIA",0.275,NA,0.75,NA,14.153,NA,NA,NA,NA,NA,"PERENNIAL","FORB","FORB",205,22.1476023694347,0.745470327759587,11.0005861215198,16.3940990454091,0.476126841000774,0.331627597632939,109.784627767783,0.145566040438275,0.458854509135623,22.1476023694347,0.75,11.0005861215198,14.153,0.476126841000774,0.331627597632939,109.784627767783,0.145566040438275,0.458854509135623
"41","allmendo.ch","CENTAUREA JACEA",1.666666667,25.06160617,0.8275,11.34202,23.24878232,0.155,0.328737037,116.6184597,0.133545753,0.480420665,"PERENNIAL","FORB","FORB",206,25.0182290669948,0.805290751351717,11.339202903613,23.0646188426757,0.159648116099684,0.327678742188166,118.494771635123,0.133811552655683,0.474227024633881,25.06160617,0.8275,11.34202,23.24878232,0.155,0.328737037,116.6184597,0.133545753,0.480420665
"42","allmendb.ch","CENTAUREA JACEA",-0.416666666,25.06160617,0.8275,11.34202,23.24878232,0.155,0.328737037,116.6184597,0.133545753,0.480420665,"PERENNIAL","FORB","FORB",207,24.9627679198158,0.812093518262329,11.3485461848965,23.0839394852615,0.160742764933604,0.328149453573562,117.621319228481,0.133966546727855,0.473583575731785,25.06160617,0.8275,11.34202,23.24878232,0.155,0.328737037,116.6184597,0.133545753,0.480420665
"43","rhijn.nl","CENTAUREA JACEA",-24.5,25.06160617,0.8275,11.34202,23.24878232,0.155,0.328737037,116.6184597,0.133545753,0.480420665,"PERENNIAL","FORB","FORB",208,25.0139173936259,0.808109793332036,11.3553701860388,23.1313447427107,0.159504964821918,0.327695528353943,117.286751380433,0.133992331891187,0.471884935524864,25.06160617,0.8275,11.34202,23.24878232,0.155,0.328737037,116.6184597,0.133545753,0.480420665
"44","quilpie.au","CENTIPEDA CUNNINGHAMII",-5.166666667,NA,0.2,NA,18.1,NA,NA,NA,NA,NA,"PERENNIAL","FORB","FORB",213,19.0515306328248,0.234791107071722,9.72439531857098,18.7874097020229,0.445663078279979,0.401700492277051,85.741189469729,0.173287437782834,0.38794725362012,19.0515306328248,0.2,9.72439531857098,18.1,0.445663078279979,0.401700492277051,85.741189469729,0.173287437782834,0.38794725362012
"45","matador.ca","CERASTIUM ARVENSE",-1,31.27074148,0.1244,12.13333333,16.77322585,0.22,0.188766667,44.40181564,0.486326636,0.1737,"PERENNIAL","FORB","FORB",218,31.176228177499,0.126627506334735,12.0906021109194,16.7803035604574,0.220223647955673,0.190283416337859,44.5127081296545,0.48076921395059,0.175365455615247,31.27074148,0.1244,12.13333333,16.77322585,0.22,0.188766667,44.40181564,0.486326636,0.1737
"46","kernnu.ca","CERASTIUM ARVENSE",-0.25,31.27074148,0.1244,12.13333333,16.77322585,0.22,0.188766667,44.40181564,0.486326636,0.1737,"PERENNIAL","FORB","FORB",219,31.0533940341701,0.126828643106529,12.10683928641,16.7763676818263,0.219660156741722,0.189425195211525,44.4591080194534,0.482494835769402,0.175459527733503,31.27074148,0.1244,12.13333333,16.77322585,0.22,0.188766667,44.40181564,0.486326636,0.1737
"47","kernb.ca","CERASTIUM ARVENSE",0.25,31.27074148,0.1244,12.13333333,16.77322585,0.22,0.188766667,44.40181564,0.486326636,0.1737,"PERENNIAL","FORB","FORB",220,31.1158996870973,0.126335375121731,12.0817316183699,16.7845137858027,0.219864600471467,0.19031179449706,44.6533058439272,0.483632826729912,0.174654395156502,31.27074148,0.1244,12.13333333,16.77322585,0.22,0.188766667,44.40181564,0.486326636,0.1737
"48","elvadrt.ee","CERASTIUM ARVENSE",0,31.27074148,0.1244,12.13333333,16.77322585,0.22,0.188766667,44.40181564,0.486326636,0.1737,"PERENNIAL","FORB","FORB",221,31.0851414040016,0.126384185447701,12.0746117769145,16.7871206451379,0.220322041422391,0.189542320697957,44.5577384939198,0.48277349346168,0.175441598727028,31.27074148,0.1244,12.13333333,16.77322585,0.22,0.188766667,44.40181564,0.486326636,0.1737
"49","paike.ar","CERASTIUM ARVENSE",0,31.27074148,0.1244,12.13333333,16.77322585,0.22,0.188766667,44.40181564,0.486326636,0.1737,"PERENNIAL","FORB","FORB",222,31.0777690427974,0.125886850931255,12.0970689991325,16.8031170251532,0.220373288480457,0.18990126553671,44.5588301030393,0.481637524517536,0.175249914644228,31.27074148,0.1244,12.13333333,16.77322585,0.22,0.188766667,44.40181564,0.486326636,0.1737
"50","cowidrt.ca","CERASTIUM ARVENSE",-0.5,31.27074148,0.1244,12.13333333,16.77322585,0.22,0.188766667,44.40181564,0.486326636,0.1737,"PERENNIAL","FORB","FORB",223,31.1780449560509,0.126746678748959,12.0497534326911,16.7774791095548,0.22000262632947,0.190247462306122,44.4766373618589,0.482475286884317,0.175235199748318,31.27074148,0.1244,12.13333333,16.77322585,0.22,0.188766667,44.40181564,0.486326636,0.1737
"51","brookdale.ca","CERASTIUM ARVENSE",-5,31.27074148,0.1244,12.13333333,16.77322585,0.22,0.188766667,44.40181564,0.486326636,0.1737,"PERENNIAL","FORB","FORB",224,31.0740707659783,0.126230736757593,12.0988448283511,16.7968954136667,0.21960745408848,0.190480634496122,44.4491084964298,0.480614795226273,0.1747847731273,31.27074148,0.1244,12.13333333,16.77322585,0.22,0.188766667,44.40181564,0.486326636,0.1737
"52","cmss.us","CERASTIUM ARVENSE",3,31.27074148,0.1244,12.13333333,16.77322585,0.22,0.188766667,44.40181564,0.486326636,0.1737,"PERENNIAL","FORB","FORB",225,31.1009889692421,0.126945209960469,12.0869404837186,16.7769324965527,0.22004608180174,0.189637498002605,44.545434931739,0.483558649874122,0.175108508436579,31.27074148,0.1244,12.13333333,16.77322585,0.22,0.188766667,44.40181564,0.486326636,0.1737
"53","rhijn.nl","CERASTIUM FONTANUM",-1,24.9755,0.218333333,8.721238939,28.16975131,NA,0.282,102.62,0.133299797,0.163756176,"PERENNIAL","FORB","FORB",226,26.1351566164362,0.211205442753924,9.03489973602455,26.6375443310302,0.19472928475763,0.271781618240782,99.4917364133485,0.135061820497384,0.16610636084195,24.9755,0.218333333,8.721238939,28.16975131,0.19472928475763,0.282,102.62,0.133299797,0.163756176
"54","falls.au","CHAEROPHYLLUM ERIOPODUM",-0.333333333,8.458818182,0.0872,NA,NA,NA,NA,NA,NA,NA,"PERENNIAL","FORB","FORB",230,13.2594489476048,0.183133563004243,6.28176649962538,18.7344759607997,1.08436460760156,0.304749284411436,105.185106427547,0.170426399270375,0.452130712121436,8.458818182,0.0872,6.28176649962538,18.7344759607997,1.08436460760156,0.304749284411436,105.185106427547,0.170426399270375,0.452130712121436
"55","jilpanger.au","CHRYSOCEPHALUM APICULATUM",9,27.1,0.46919,NA,16.46764897,NA,NA,NA,NA,NA,"PERENNIAL","FORB","FORB",241,26.3199789824165,0.423857470537013,10.136520530075,16.9726564353312,0.455854061113022,0.371742544734044,85.1004524784499,0.16920928912288,0.372046812063239,27.1,0.46919,10.136520530075,16.46764897,0.455854061113022,0.371742544734044,85.1004524784499,0.16920928912288,0.372046812063239
"56","milparinka.au","CHRYSOCEPHALUM APICULATUM",3,27.1,0.46919,NA,16.46764897,NA,NA,NA,NA,NA,"PERENNIAL","FORB","FORB",242,26.2702982402765,0.422172649123299,10.1368748016987,17.0490840655343,0.453889371004474,0.372106654999662,85.2053271170775,0.169288149953422,0.372628158539966,27.1,0.46919,10.1368748016987,16.46764897,0.453889371004474,0.372106654999662,85.2053271170775,0.169288149953422,0.372628158539966
"57","kernnu.ca","CIRSIUM ARVENSE",-3.083333334,29.75611991,0.15,8.15,21.12,1.4125,0.70945,119.9058435,0.244438578,0.294068165,"PERENNIAL","FORB","FORB",245,29.4912862721532,0.151674206723853,8.15807928088887,21.1119651875992,1.3812704397591,0.705340310551654,117.272907902732,0.242974561014882,0.295164063255898,29.75611991,0.15,8.15,21.12,1.4125,0.70945,119.9058435,0.244438578,0.294068165
"58","kernb.ca","CIRSIUM ARVENSE",-3.25,29.75611991,0.15,8.15,21.12,1.4125,0.70945,119.9058435,0.244438578,0.294068165,"PERENNIAL","FORB","FORB",246,29.5916887873725,0.151976862911018,8.15975215682029,21.0933328834578,1.39398471473709,0.701731566136418,117.878581190053,0.24253371153156,0.295743561129248,29.75611991,0.15,8.15,21.12,1.4125,0.70945,119.9058435,0.244438578,0.294068165
"59","baddrt.de","CIRSIUM ARVENSE",-2.077777778,29.75611991,0.15,8.15,21.12,1.4125,0.70945,119.9058435,0.244438578,0.294068165,"PERENNIAL","FORB","FORB",247,29.544609140587,0.151710335725058,8.15684385411962,21.1149689800512,1.37665323571296,0.703037257485681,116.804761433593,0.242995305919772,0.29492730210981,29.75611991,0.15,8.15,21.12,1.4125,0.70945,119.9058435,0.244438578,0.294068165
"60","brookdale.ca","CIRSIUM ARVENSE",0.400000003,29.75611991,0.15,8.15,21.12,1.4125,0.70945,119.9058435,0.244438578,0.294068165,"PERENNIAL","FORB","FORB",248,29.5864917863118,0.152443268522233,8.15539959238453,21.1010084084332,1.39341361501166,0.704470469978668,117.484918138759,0.241687632917425,0.296639614327596,29.75611991,0.15,8.15,21.12,1.4125,0.70945,119.9058435,0.244438578,0.294068165
"61","esw.ca","CIRSIUM ARVENSE",0.5,29.75611991,0.15,8.15,21.12,1.4125,0.70945,119.9058435,0.244438578,0.294068165,"PERENNIAL","FORB","FORB",249,29.5727751176437,0.151697279714902,8.15999931529852,21.1050191215728,1.38478567700063,0.703713844325666,117.972867575731,0.242726462721084,0.296242520023035,29.75611991,0.15,8.15,21.12,1.4125,0.70945,119.9058435,0.244438578,0.294068165
"62","scruzl.us","CIRSIUM VULGARE",16.6156689,25,0.093333333,NA,16.6,2.1,0.7469,68.1803406,0.269166667,0.728135419,"PERENNIAL","FORB","FORB",250,24.9074501631596,0.0999835997318337,9.39993707772271,17.3439492790518,2.06883560856388,0.717355390568123,69.5731926848897,0.26573421034426,0.687512953528728,25,0.093333333,9.39993707772271,16.6,2.1,0.7469,68.1803406,0.269166667,0.728135419
"63","cedarsav.us","COMANDRA UMBELLATA",-3.4,21.0594,0.2372,9.466666667,9.721037223,NA,0.321385714,7.264572444,0.334821433,NA,"PERENNIAL","FORB","FORB",256,21.641753839477,0.25195675409156,9.1219622995735,9.77863929614589,0.364069941069112,0.321102213130194,8.53146850698827,0.349386701411889,0.238429604924965,21.0594,0.2372,9.466666667,9.721037223,0.364069941069112,0.321385714,7.264572444,0.334821433,0.238429604924965
"64","matador.ca","COMANDRA UMBELLATA",-2.75,21.0594,0.2372,9.466666667,9.721037223,NA,0.321385714,7.264572444,0.334821433,NA,"PERENNIAL","FORB","FORB",257,21.6756887002771,0.251249236264322,9.12677755906608,9.81884342999594,0.361798944858069,0.322723396181461,8.59786702386829,0.34821119680263,0.238513101801328,21.0594,0.2372,9.466666667,9.721037223,0.361798944858069,0.321385714,7.264572444,0.334821433,0.238513101801328
"65","yarradrt.au","COMMELINA CYANEA",2.17,30.634,0.1,NA,34.85,NA,0.528,NA,NA,NA,"PERENNIAL","FORB","FORB",258,29.9354638687518,0.0918681766214223,23.2835301890257,38.046941397619,0.694487009710551,0.537776064272723,168.326403414264,0.138514863449056,0.285053363075001,30.634,0.1,23.2835301890257,34.85,0.694487009710551,0.528,168.326403414264,0.138514863449056,0.285053363075001
"66","cedarsav.us","COREOPSIS PALMATA",-15.83333333,12.06502778,0.614,18.5591,21.43406868,NA,0.33,82.33333333,0.1,0.41125,"PERENNIAL","FORB","FORB",261,12.1997421486643,0.604387139277386,18.3539645665689,21.1845884067775,0.527697101655721,0.335476597586724,84.2809164617277,0.10094335449528,0.411144876114306,12.06502778,0.614,18.5591,21.43406868,0.527697101655721,0.33,82.33333333,0.1,0.41125
"67","cedartrait.us","COREOPSIS PALMATA",-3.75,12.06502778,0.614,18.5591,21.43406868,NA,0.33,82.33333333,0.1,0.41125,"PERENNIAL","FORB","FORB",262,12.1458920412875,0.601469264903988,18.3699866805221,21.0717418413367,0.529399533341123,0.335439555999391,83.2544666737365,0.101606338008849,0.411485038841125,12.06502778,0.614,18.5591,21.43406868,0.529399533341123,0.33,82.33333333,0.1,0.41125
"68","allmendb.ch","CREPIS BIENNIS",-1.5,18.28,0.2,10.22761651,19.04,0.99,0.425214286,154.7062535,0.113427835,0.637934928,"PERENNIAL","FORB","FORB",266,18.2774019669792,0.201116787671094,10.2546783036752,19.1155984297432,0.968017196223064,0.418776652158112,154.111274019697,0.113774290159719,0.629072493304966,18.28,0.2,10.22761651,19.04,0.99,0.425214286,154.7062535,0.113427835,0.637934928
"69","kiskun.hu","CREPIS FOETIDA",-0.308,17.2,0.27525,14.175,20.14985816,NA,0.280689138,296.13,0.072,NA,"PERENNIAL","FORB","FORB",269,17.5986714569262,0.277601841838445,13.8328234827874,20.6001873790267,0.635041167155296,0.293055746171437,289.091073435763,0.0818960590762384,0.525443612534799,17.2,0.27525,14.175,20.14985816,0.635041167155296,0.280689138,296.13,0.072,0.525443612534799
"70","jrnchi.us","CROTON POTTSII",1.466715789,NA,NA,NA,NA,1.593333333,NA,NA,NA,NA,"PERENNIAL","FORB","FORB",270,21.1538123118565,0.192046639223093,9.02423319953718,16.8848131149956,1.58449608760643,0.483958051241677,73.8927228261539,0.289144195282626,0.460389159952045,21.1538123118565,0.192046639223093,9.02423319953718,16.8848131149956,1.593333333,0.483958051241677,73.8927228261539,0.289144195282626,0.460389159952045
"71","lygraint.no","DACTYLORHIZA MACULATA",0,22.6,0.6,NA,24.63833333,NA,NA,NA,NA,NA,"PERENNIAL","FORB","FORB",286,23.148699245519,0.317997186726335,5.25687220468187,16.6539079153956,0.717755350120536,0.211561645936375,33.7067948236469,0.127800837657198,0.720755818988859,22.6,0.6,5.25687220468187,24.63833333,0.717755350120536,0.211561645936375,33.7067948236469,0.127800837657198,0.720755818988859
"72","gmgranite.us","DESCURAINIA PINNATA",-1.5,NA,0.6,NA,NA,NA,NA,NA,NA,NA,"PERENNIAL","FORB","FORB",296,31.4371311790082,0.598085271810245,14.3223002590992,18.7896746338434,1.06445023059235,0.304589745573108,148.205505967867,0.0945699753095572,0.504783883101515,31.4371311790082,0.6,14.3223002590992,18.7896746338434,1.06445023059235,0.304589745573108,148.205505967867,0.0945699753095572,0.504783883101515
"73","kiskun.hu","DIANTHUS SEROTINUS",-6.25,NA,0.5,NA,8.608,NA,NA,NA,NA,NA,"PERENNIAL","FORB","FORB",298,24.0207294958849,0.286966636832393,12.0512696025427,11.5388926504806,0.281687124393882,0.189462934929805,89.5726218262567,0.297754703039245,0.247678749729508,24.0207294958849,0.5,12.0512696025427,8.608,0.281687124393882,0.189462934929805,89.5726218262567,0.297754703039245,0.247678749729508
"74","cowidrt.ca","DODECATHEON HENDERSONII",0.333333334,23.2,NA,NA,NA,NA,NA,NA,NA,NA,"PERENNIAL","FORB","FORB",307,23.1785851737901,0.0511811760047109,12.7720679921833,21.5353954835281,0.191342997003848,0.340048562446137,116.038055870202,0.47380685274968,0.330605420252927,23.2,0.0511811760047109,12.7720679921833,21.5353954835281,0.191342997003848,0.340048562446137,116.038055870202,0.47380685274968,0.330605420252927
"75","jilpanger.au","DROSERA ABERRANS",0.625,NA,0.04,NA,10.41199386,NA,NA,NA,NA,NA,"PERENNIAL","FORB","FORB",308,14.431456866832,0.0364105471792666,20.4695625394225,18.1835869872179,0.392531501270818,0.214304544219413,233.017901178947,0.313384242708087,0.415853451669597,14.431456866832,0.04,20.4695625394225,10.41199386,0.392531501270818,0.214304544219413,233.017901178947,0.313384242708087,0.415853451669597
"76","jilpanger.au","DROSERA GLANDULIGERA",0,NA,0.024625293,NA,NA,NA,NA,NA,NA,NA,"PERENNIAL","FORB","FORB",309,14.3462629327649,0.0249191119410433,20.2814476425078,19.0306303853276,0.378410999952189,0.217637751701029,237.756860130397,0.317387055696112,0.425354813965155,14.3462629327649,0.024625293,20.2814476425078,19.0306303853276,0.378410999952189,0.217637751701029,237.756860130397,0.317387055696112,0.425354813965155
"77","allmendb.ch","ECHIUM VULGARE",-1.625,23.6,0.716666667,NA,14.45,2.57,0.385,28.61,NA,NA,"PERENNIAL","FORB","FORB",310,22.8257084232468,0.619500117052351,3.14417128625091,14.7484088390916,2.5270364740884,0.366357646669587,33.6670314663192,0.409561006598292,0.166081888306808,23.6,0.716666667,3.14417128625091,14.45,2.57,0.385,28.61,0.409561006598292,0.166081888306808
"78","baddrt.de","EPILOBIUM TETRAGONUM",-1.312,29.10047423,0.720833333,NA,15.9,NA,NA,NA,NA,NA,"PERENNIAL","FORB","FORB",330,28.999620116875,0.497291957887908,10.9840665848666,16.6676955547208,0.451605431376041,0.635724446740436,67.951939366383,0.104371251401721,0.318375511479188,29.10047423,0.720833333,10.9840665848666,15.9,0.451605431376041,0.635724446740436,67.951939366383,0.104371251401721,0.318375511479188
"79","elvadrt.ee","EQUISETUM ARVENSE",0.666666666,19.50796,0.4018,NA,13.93244886,0.2262,NA,NA,NA,NA,"PERENNIAL","FORB","FORB",331,18.8723718941298,0.410689856586533,10.8884875985023,13.2791188141398,0.247242417102246,0.295996096733843,70.7312041094564,0.219593874994517,0.30565275431931,19.50796,0.4018,10.8884875985023,13.93244886,0.2262,0.295996096733843,70.7312041094564,0.219593874994517,0.30565275431931
"80","teshio.jp","EQUISETUM ARVENSE",-1.5,19.50796,0.4018,NA,13.93244886,0.2262,NA,NA,NA,NA,"PERENNIAL","FORB","FORB",332,18.8594581752466,0.409891671863556,10.8608696566353,13.249040983561,0.249242959638621,0.295961729819138,70.5642644857779,0.220102881280695,0.305837793989502,19.50796,0.4018,10.8608696566353,13.93244886,0.2262,0.295961729819138,70.5642644857779,0.220102881280695,0.305837793989502
"81","oreaa.us","EREMOGONE CONGESTA",0,NA,NA,NA,NA,NA,NA,NA,NA,0.399095005,"PERENNIAL","FORB","FORB",339,24.4772927634616,0.145702324701204,13.8260407446033,17.5089787793341,0.312198378800296,0.17038909315215,116.51039475662,0.272332148585887,0.399131928810061,24.4772927634616,0.145702324701204,13.8260407446033,17.5089787793341,0.312198378800296,0.17038909315215,116.51039475662,0.272332148585887,0.399095005
"82","cmss.us","EREMOGONE CONGESTA",-18.5,NA,NA,NA,NA,NA,NA,NA,NA,0.399095005,"PERENNIAL","FORB","FORB",340,24.4437260267404,0.145281256910485,13.7572260009188,17.5286514940558,0.31192304666195,0.170848047364875,116.565158759655,0.272009198636585,0.39898872700251,24.4437260267404,0.145281256910485,13.7572260009188,17.5286514940558,0.31192304666195,0.170848047364875,116.565158759655,0.272009198636585,0.399095005
"83","falls.au","ERIGERON BELLIDIOIDES",0,9.1727,0.0203,NA,NA,NA,NA,NA,NA,NA,"PERENNIAL","FORB","FORB",346,13.4388103728749,0.087462225386958,9.15549855376233,21.5243825818905,0.402651945737447,0.313853485341368,64.4843774658072,0.311218687887791,0.424820413204741,9.1727,0.0203,9.15549855376233,21.5243825818905,0.402651945737447,0.313853485341368,64.4843774658072,0.311218687887791,0.424820413204741
"84","sevblue.us","EUPHORBIA ALBOMARGINATA",0,NA,0.05,NA,12.64955294,0.83,NA,NA,NA,NA,"PERENNIAL","FORB","FORB",364,20.3988482642429,0.092620139529449,8.68112513086913,15.1934106883158,0.845681681449987,0.487183360358674,75.0238166931278,0.32082063688458,0.463376226645413,20.3988482642429,0.05,8.68112513086913,12.64955294,0.83,0.487183360358674,75.0238166931278,0.32082063688458,0.463376226645413
"85","allmendo.ch","EUPHORBIA CYPARISSIAS",1.5,29.16635667,0.2375,8.96,23.6,0.89,0.50435,82.89593285,0.295652174,0.459459459,"PERENNIAL","FORB","FORB",365,28.3601438150863,0.236431676070919,8.97507188185662,23.3485003205166,0.889388351421618,0.499775020678146,82.2375874104858,0.292793750856653,0.450728906816705,29.16635667,0.2375,8.96,23.6,0.89,0.50435,82.89593285,0.295652174,0.459459459
"86","allmendb.ch","EUPHORBIA CYPARISSIAS",-1.5,29.16635667,0.2375,8.96,23.6,0.89,0.50435,82.89593285,0.295652174,0.459459459,"PERENNIAL","FORB","FORB",366,28.3296448633699,0.236709138079427,9.00080902795881,23.4164289477883,0.892575572320985,0.499744868623136,82.348653658031,0.293033230106368,0.44999648206949,29.16635667,0.2375,8.96,23.6,0.89,0.50435,82.89593285,0.295652174,0.459459459
"87","credom.au","EUPHORBIA DRUMMONDII",-0.5,16.533,0.1276,NA,11.92661905,NA,NA,NA,NA,NA,"PERENNIAL","FORB","FORB",367,17.0547708052405,0.133936862736598,8.56846170124108,12.4963870695042,0.951993377779044,0.489455807802683,69.7388748647603,0.333354194360362,0.458410181985575,16.533,0.1276,8.56846170124108,11.92661905,0.951993377779044,0.489455807802683,69.7388748647603,0.333354194360362,0.458410181985575
"88","quilpie.au","EUPHORBIA DRUMMONDII",0,16.533,0.1276,NA,11.92661905,NA,NA,NA,NA,NA,"PERENNIAL","FORB","FORB",368,17.0923116089266,0.133955360735254,8.52233926000167,12.4049132215507,0.949823940853971,0.48819153755678,69.4140876233095,0.335571300811921,0.458368786665535,16.533,0.1276,8.52233926000167,11.92661905,0.949823940853971,0.48819153755678,69.4140876233095,0.335571300811921,0.458368786665535
"89","credoj.au","EUPHORBIA DRUMMONDII",1,16.533,0.1276,NA,11.92661905,NA,NA,NA,NA,NA,"PERENNIAL","FORB","FORB",369,16.9709359951909,0.131678344333029,8.51911315435072,12.5220904907039,0.953435381672262,0.489658104804995,69.4748698008558,0.33347094988094,0.459547835235395,16.533,0.1276,8.51911315435072,11.92661905,0.953435381672262,0.489658104804995,69.4748698008558,0.33347094988094,0.459547835235395
"90","sand.us","EUPHORBIA PUBENTISSIMA",5.333333333,NA,NA,NA,21.624,NA,NA,NA,NA,NA,"PERENNIAL","FORB","FORB",370,21.9507115715249,0.173444603249503,9.11346473413996,21.5920921825738,0.864730944788379,0.483441015195699,87.8850757651922,0.271890355054373,0.444329686178137,21.9507115715249,0.173444603249503,9.11346473413996,21.624,0.864730944788379,0.483441015195699,87.8850757651922,0.271890355054373,0.444329686178137
"91","kiskun.hu","EUPHORBIA SEGUIERIANA",3.698,NA,0.425,NA,18.4,1.6675,NA,NA,NA,NA,"PERENNIAL","FORB","FORB",371,21.4446777383225,0.289023253768101,9.12451311390898,17.5355059813997,1.36434633092806,0.476566658695633,77.4390387291786,0.28018808331599,0.448441053712352,21.4446777383225,0.425,9.12451311390898,18.4,1.6675,0.476566658695633,77.4390387291786,0.28018808331599,0.448441053712352
"92","purdue.us","EUTHAMIA GRAMINIFOLIA",15.04166667,19.48915818,0.798,NA,12.04198841,NA,NA,NA,NA,NA,"PERENNIAL","FORB","FORB",373,19.3358372056521,0.689593809928779,9.94389439360776,12.6723044184078,0.522744146467162,0.377995789671529,77.4273118624248,0.182382205877473,0.365668387893059,19.48915818,0.798,9.94389439360776,12.04198841,0.522744146467162,0.377995789671529,77.4273118624248,0.182382205877473,0.365668387893059
"93","cedarsav.us","EUTHAMIA GRAMINIFOLIA",-2.833333333,19.48915818,0.798,NA,12.04198841,NA,NA,NA,NA,NA,"PERENNIAL","FORB","FORB",374,19.3729445293825,0.682452673930615,9.91840658828368,12.6668144041478,0.519976467148247,0.377323836141851,77.6647814679909,0.181674445599299,0.366105756896017,19.48915818,0.798,9.91840658828368,12.04198841,0.519976467148247,0.377323836141851,77.6647814679909,0.181674445599299,0.366105756896017
"94","elvadrt.ee","FRAGARIA VESCA",0.16666666,16.48863464,0.136111111,NA,23.61645563,NA,0.1112,312.2441806,0.351086957,0.573001876,"PERENNIAL","FORB","FORB",395,17.1051383793883,0.147810951777163,11.9794757477763,22.7140484484662,0.692663981356982,0.127782985023408,178.149943781077,0.334816581157665,0.514957740724833,16.48863464,0.136111111,11.9794757477763,23.61645563,0.692663981356982,0.1112,312.2441806,0.351086957,0.573001876
"95","kiskun.hu","FUMANA PROCUMBENS",-0.583333333,16.43376667,0.15,NA,8.22,0.365,NA,NA,NA,NA,"PERENNIAL","FORB","FORB",396,17.4374396188438,0.162824081734103,6.69700166735238,8.17726149198842,0.374534178254066,0.375866683411329,127.578760988408,0.268238832770184,0.237048983161439,16.43376667,0.15,6.69700166735238,8.22,0.365,0.375866683411329,127.578760988408,0.268238832770184,0.237048983161439
"96","lygraint.no","GALIUM SAXATILE",-2,25.1,0.175,NA,25.20106952,NA,NA,NA,NA,NA,"PERENNIAL","FORB","FORB",404,24.0331136168321,0.22305334627355,11.6782389889134,23.4913659632212,0.204277226848647,0.190137909395927,119.600375354787,0.218760068879148,0.549892195227568,25.1,0.175,11.6782389889134,25.20106952,0.204277226848647,0.190137909395927,119.600375354787,0.218760068879148,0.549892195227568
"97","allmendo.ch","GALIUM VERUM",-0.833333333,21.6094737,0.516038889,11.75956766,18.0367854,1.1825,0.122981034,17.44346744,0.140178711,0.622686763,"PERENNIAL","FORB","FORB",405,21.9324510459317,0.52330806797239,11.3703153090954,17.8989424378348,1.09450350193067,0.133528061592346,24.4862722707625,0.162524788553081,0.619924146399881,21.6094737,0.516038889,11.75956766,18.0367854,1.1825,0.122981034,17.44346744,0.140178711,0.622686763
"98","cdpt_drt.us","GAURA COCCINEA",-1.4,NA,0.10675,NA,14.93401246,0.47,NA,7.22753278,0.144655173,NA,"PERENNIAL","FORB","FORB",406,28.0791327173811,0.114330749624848,9.18300467910981,15.0902390980182,0.478588678422789,0.82991523756998,8.27575345690188,0.149159806339396,0.324003933606264,28.0791327173811,0.10675,9.18300467910981,14.93401246,0.47,0.82991523756998,7.22753278,0.144655173,0.324003933606264
"99","mattheis.ca","GAURA COCCINEA",-2.166666666,NA,0.10675,NA,14.93401246,0.47,NA,7.22753278,0.144655173,NA,"PERENNIAL","FORB","FORB",407,28.0751691257493,0.113542877142592,9.17407617534826,15.0618157271439,0.476593736813966,0.830791475889925,8.3369118713353,0.148198972991101,0.324059634106034,28.0751691257493,0.10675,9.17407617534826,14.93401246,0.47,0.830791475889925,7.22753278,0.144655173,0.324059634106034
"100","teshio.jp","GERANIUM THUNBERGII",-2.5,22.1392525,0.438054375,NA,25.97506272,NA,NA,NA,NA,NA,"PERENNIAL","FORB","FORB",412,22.0526653975516,0.353231220034852,11.4014599504897,23.5973010123747,0.605182745602695,0.133879650580829,213.539714237158,0.323645364622704,0.452495106492651,22.1392525,0.438054375,11.4014599504897,25.97506272,0.605182745602695,0.133879650580829,213.539714237158,0.323645364622704,0.452495106492651
"101","esw.ca","GEUM CANADENSE",0,12.3,0.77936,NA,20.2434208,0.1016,NA,NA,NA,NA,"PERENNIAL","FORB","FORB",413,14.7586438626268,0.666306511486159,8.9236310322438,18.4654571343033,0.178229774733974,0.348559936928078,28.3138368989191,0.321184342668535,0.2443674384608,12.3,0.77936,8.9236310322438,20.2434208,0.1016,0.348559936928078,28.3138368989191,0.321184342668535,0.2443674384608
"102","allmendb.ch","GLOBULARIA VULGARIS",-0.041666667,NA,0.2,NA,6.892,NA,NA,NA,NA,0.346832136,"PERENNIAL","FORB","FORB",414,20.697331517547,0.203062287039829,21.8247955762598,7.99545597326485,0.391402839188507,0.288474533807308,131.256912808821,0.286273652055557,0.353142037171826,20.697331517547,0.2,21.8247955762598,6.892,0.391402839188507,0.288474533807308,131.256912808821,0.286273652055557,0.346832136
"103","allmendo.ch","GLOBULARIA VULGARIS",0.75,NA,0.2,NA,6.892,NA,NA,NA,NA,0.346832136,"PERENNIAL","FORB","FORB",415,20.7125576457678,0.204991729269373,21.8722146461961,8.00605655938663,0.392634399930982,0.288961944295935,130.871316992429,0.286980818604104,0.351294142709973,20.7125576457678,0.2,21.8722146461961,6.892,0.392634399930982,0.288961944295935,130.871316992429,0.286980818604104,0.346832136
"104","sevblack.us","GUTIERREZIA SAROTHRAE",-5.625,25.525,0.4572,8.999919367,12.74522303,0.4064,0.2661,82.97823597,0.225,NA,"PERENNIAL","SHRUB","FORB",429,24.4425223347112,0.419123273845588,9.1082320520895,13.6764307918888,0.410256177499195,0.27760512357604,82.601217021432,0.223335246987572,0.383091581119456,25.525,0.4572,8.999919367,12.74522303,0.4064,0.2661,82.97823597,0.225,0.383091581119456
"105","allmendo.ch","GYPSOPHILA REPENS",0.25,12.7,0.14,NA,15.67666667,NA,NA,NA,NA,NA,"PERENNIAL","FORB","FORB",430,15.706130869931,0.169870968096186,11.4571561501716,12.9475683354776,0.275564192192733,0.206329813036624,91.5242440413783,0.29873566592306,0.25770749396338,12.7,0.14,11.4571561501716,15.67666667,0.275564192192733,0.206329813036624,91.5242440413783,0.29873566592306,0.25770749396338
"106","brookdale.ca","HELIANTHUS PAUCIFLORUS",0.166666667,11.69,0.39,NA,9.153001144,1.27,0.36,52,0.19,NA,"PERENNIAL","FORB","FORB",436,12.7201607451024,0.456597969056684,16.6850469742738,9.90228591112749,1.01240592503761,0.418481190927197,61.1594293555022,0.199818559782311,0.312148514653805,11.69,0.39,16.6850469742738,9.153001144,1.27,0.36,52,0.19,0.312148514653805
"107","brookdale.ca","HELIOPSIS HELIANTHOIDES",7.875,30.95,1.2745,NA,19.34129566,NA,0.38123125,61.30678286,0.14770625,0.268602939,"PERENNIAL","FORB","FORB",442,29.6480400676167,1.10122085106194,9.71892508115144,19.3195452632456,0.435995978275499,0.385020726322607,65.0324312155688,0.151061287528708,0.275500174959346,30.95,1.2745,9.71892508115144,19.34129566,0.435995978275499,0.38123125,61.30678286,0.14770625,0.268602939
"108","marcdrt.ar","HYDROCOTYLE BONARIENSIS",0.166666666,NA,NA,NA,27.35005333,NA,NA,NA,NA,NA,"PERENNIAL","FORB","FORB",460,40.2418007933066,0.150283596723693,11.1557116191593,27.3031055205811,0.350864465657459,0.173809388635913,74.2138341131757,0.146662102358939,0.395432223287528,40.2418007933066,0.150283596723693,11.1557116191593,27.35005333,0.350864465657459,0.173809388635913,74.2138341131757,0.146662102358939,0.395432223287528
"109","falls.au","HYPOCHAERIS RADICATA",-0.066666667,17.75,0.3505,5.956457605,28.79050968,0.5475,0.261638779,151.7703194,0.14089564,0.455750199,"PERENNIAL","FORB","FORB",463,17.770405302932,0.348729147826867,5.99454151701908,28.616701028681,0.546273925794629,0.263385526674986,151.7013044224,0.141266775252418,0.45495029862244,17.75,0.3505,5.956457605,28.79050968,0.5475,0.261638779,151.7703194,0.14089564,0.455750199
"110","spvdrt.ar","HYPOCHAERIS RADICATA",0.333333333,17.75,0.3505,5.956457605,28.79050968,0.5475,0.261638779,151.7703194,0.14089564,0.455750199,"PERENNIAL","FORB","FORB",464,17.7812890024079,0.34955721821786,5.9909600398356,28.5615900061093,0.544270035711181,0.264096776705933,152.088307771403,0.141281289709019,0.455036080115118,17.75,0.3505,5.956457605,28.79050968,0.5475,0.261638779,151.7703194,0.14089564,0.455750199
"111","yarradrt.au","HYPOCHAERIS RADICATA",6.598333333,17.75,0.3505,5.956457605,28.79050968,0.5475,0.261638779,151.7703194,0.14089564,0.455750199,"PERENNIAL","FORB","FORB",466,17.7770426915105,0.348089700685829,6.00285067976586,28.6504409661222,0.545714592122895,0.262952033361899,151.650971802501,0.14125798553189,0.454945253155913,17.75,0.3505,5.956457605,28.79050968,0.5475,0.261638779,151.7703194,0.14089564,0.455750199
"112","baddrt.de","HYPOCHAERIS RADICATA",0.8,17.75,0.3505,5.956457605,28.79050968,0.5475,0.261638779,151.7703194,0.14089564,0.455750199,"PERENNIAL","FORB","FORB",467,17.797334908057,0.349219463792599,6.01465981447597,28.642041136554,0.544656954144868,0.263440100938862,151.742190854512,0.141211388708985,0.454719705903075,17.75,0.3505,5.956457605,28.79050968,0.5475,0.261638779,151.7703194,0.14089564,0.455750199
"113","kernb.ca","LACTUCA TATARICA",-2.25,22.6,0.441428571,7.133333333,6.176234778,2.4,0.336325,27.48041934,0.213227444,NA,"PERENNIAL","FORB","FORB",486,22.4393105970002,0.45207317242802,7.18798946792105,6.97717989575979,1.91666978343931,0.353936976668741,30.6477294764401,0.199137341069523,0.278943071142436,22.6,0.441428571,7.133333333,6.176234778,2.4,0.336325,27.48041934,0.213227444,0.278943071142436
"114","allmendo.ch","LEONTODON HISPIDUS",0,23.92644618,0.371,11.53789754,24.61213746,0.3,0.273284146,204.9072943,0.134462153,0.41640885,"PERENNIAL","FORB","FORB",496,23.7922631459918,0.369787355497387,11.5306008356697,24.4143089364649,0.302666847786522,0.27474736242606,202.445735357872,0.13469216457591,0.416054776978245,23.92644618,0.371,11.53789754,24.61213746,0.3,0.273284146,204.9072943,0.134462153,0.41640885
"115","elvadrt.ee","LEONTODON HISPIDUS",5.33333333,23.92644618,0.371,11.53789754,24.61213746,0.3,0.273284146,204.9072943,0.134462153,0.41640885,"PERENNIAL","FORB","FORB",497,23.8334232943603,0.368874445582688,11.5335833304559,24.4733750427987,0.303484725347524,0.274986729099834,202.002111801944,0.134536720351243,0.415985570709913,23.92644618,0.371,11.53789754,24.61213746,0.3,0.273284146,204.9072943,0.134462153,0.41640885
"116","passogavia.it","LEUCANTHEMOPSIS ALPINA",0.538,26.16029667,0.035,NA,15.8,NA,1,NA,NA,NA,"PERENNIAL","FORB","FORB",503,22.974810517459,0.0683580951975583,8.45238481217084,17.5916038226536,0.421744206480344,0.842966376606758,54.1768968402914,0.182472486829284,0.367175436485804,26.16029667,0.035,8.45238481217084,15.8,0.421744206480344,1,54.1768968402914,0.182472486829284,0.367175436485804
"117","allmendb.ch","LEUCANTHEMUM VULGARE",0.375,30.26796208,0.53192,9.640667198,18.01419965,0.2032,0.23427,205.5962002,0.178238532,0.47391085,"PERENNIAL","FORB","FORB",504,29.9079343098257,0.506866241162588,9.66979741352334,18.0256037461003,0.208414949600053,0.235440834966625,204.006785649805,0.17437080600727,0.468650674519414,30.26796208,0.53192,9.640667198,18.01419965,0.2032,0.23427,205.5962002,0.178238532,0.47391085
"118","rhijn.nl","LEUCANTHEMUM VULGARE",2,30.26796208,0.53192,9.640667198,18.01419965,0.2032,0.23427,205.5962002,0.178238532,0.47391085,"PERENNIAL","FORB","FORB",505,29.8369803411043,0.507309758176516,9.66681261629265,18.0434661054147,0.209091959462087,0.235363123034641,204.27138885611,0.174430616404188,0.469843888439139,30.26796208,0.53192,9.640667198,18.01419965,0.2032,0.23427,205.5962002,0.178238532,0.47391085
"119","cedartrait.us","LIATRIS ASPERA",-1.573015873,12.33641253,0.68,20.498833,18.35069678,NA,0.335858333,193.6403191,0.10765675,0.328042296,"PERENNIAL","FORB","FORB",507,13.2290886410815,0.54382650129926,19.4482665872852,17.8027858723993,0.334844294243746,0.356091813415146,187.360484953203,0.111792417806054,0.364127717074665,12.33641253,0.68,20.498833,18.35069678,0.334844294243746,0.335858333,193.6403191,0.10765675,0.328042296
"120","cdpt_drt.us","LIATRIS PUNCTATA",0.5,16.8,0.0925,11.75,11.09,0.3556,0.606825,118.8077502,0.167531,0.732865851,"PERENNIAL","FORB","FORB",508,16.133960226927,0.12428386549346,12.3595941486038,11.8016042102106,0.375215751433354,0.584540438348117,115.378352122308,0.166179275078777,0.63609089196379,16.8,0.0925,11.75,11.09,0.3556,0.606825,118.8077502,0.167531,0.732865851
"121","passogavia.it","LIGUSTICUM MUTELLINA",18.5,32.12230333,0.28,NA,22.90033333,0.68,NA,NA,NA,NA,"PERENNIAL","FORB","FORB",509,28.3469491655353,0.312879694015615,6.75383628348921,22.70477518079,0.761055245422824,0.270934606345116,121.182844255003,0.153546344258854,0.415081675094889,32.12230333,0.28,6.75383628348921,22.90033333,0.68,0.270934606345116,121.182844255003,0.153546344258854,0.415081675094889
"122","matador.ca","LINUM RIGIDUM",0,NA,NA,NA,NA,0.13,NA,NA,NA,NA,"PERENNIAL","FORB","FORB",515,20.4495731880425,0.248400195374156,7.87170996462081,23.6724826351468,0.130730243248738,0.221669613341826,122.503272041722,0.144769901218589,0.186163805276836,20.4495731880425,0.248400195374156,7.87170996462081,23.6724826351468,0.13,0.221669613341826,122.503272041722,0.144769901218589,0.186163805276836
"123","brookdale.ca","LITHOSPERMUM CANESCENS",0.666666667,18.9752,0.282,NA,14.43083537,NA,NA,NA,NA,NA,"PERENNIAL","FORB","FORB",517,19.5748087253049,0.259583161721361,11.6478715451938,13.8415743683356,2.13046062237608,0.22738254169362,104.864424232888,0.480074025483971,0.230590512036586,18.9752,0.282,11.6478715451938,14.43083537,2.13046062237608,0.22738254169362,104.864424232888,0.480074025483971,0.230590512036586
"124","cedarsav.us","LITHOSPERMUM CANESCENS",3.833333333,18.9752,0.282,NA,14.43083537,NA,NA,NA,NA,NA,"PERENNIAL","FORB","FORB",518,19.6506577992124,0.261496906945806,11.6555137032945,13.9530188989502,2.12961924378655,0.226636488049484,105.815746325212,0.479098983717249,0.230825537749991,18.9752,0.282,11.6555137032945,14.43083537,2.12961924378655,0.226636488049484,105.815746325212,0.479098983717249,0.230825537749991
"125","cedarsav.us","LITHOSPERMUM CAROLINIENSE",0.7,17.774,0.406,NA,12.63662801,2,NA,NA,NA,NA,"PERENNIAL","FORB","FORB",519,19.4111107960851,0.34237964482944,11.6843900318911,12.5199963767383,2.12970965638699,0.223204841473441,102.519373440844,0.485599151469768,0.226566330829773,17.774,0.406,11.6843900318911,12.63662801,2,0.223204841473441,102.519373440844,0.485599151469768,0.226566330829773
"126","jilpanger.au","LOMANDRA JUNCEA",-0.5,NA,0.42,NA,NA,0.19,NA,NA,NA,NA,"PERENNIAL","FORB","FORB",524,12.855594270273,0.390679700296599,9.43830993538853,12.0214355147935,0.133020265214871,0.181988046077316,245.053712606747,0.0956053714107085,0.224766015811053,12.855594270273,0.42,9.43830993538853,12.0214355147935,0.19,0.181988046077316,245.053712606747,0.0956053714107085,0.224766015811053
"127","jilpanger.au","LOMANDRA NANA",0.333333334,NA,0.17,NA,5.237312811,NA,NA,NA,NA,NA,"PERENNIAL","FORB","FORB",525,12.6409807783734,0.295075778769294,9.24632964425646,11.5721615365004,0.134451007213549,0.184012271353067,237.640395150409,0.099650667079333,0.22912710412316,12.6409807783734,0.17,9.24632964425646,5.237312811,0.134451007213549,0.184012271353067,237.640395150409,0.099650667079333,0.22912710412316
"128","cowidrt.ca","LOMATIUM UTRICULATUM",-2.833333333,25,NA,NA,9.979276578,NA,NA,NA,NA,NA,"PERENNIAL","FORB","FORB",526,21.6948928059022,0.400674906579277,6.56231751742461,15.0981239529295,1.13573083875973,0.27385089021311,98.7374669376661,0.171404304220334,0.426720631343849,25,0.400674906579277,6.56231751742461,9.979276578,1.13573083875973,0.27385089021311,98.7374669376661,0.171404304220334,0.426720631343849
"129","lygraint.no","LYSIMACHIA EUROPAEA",-0.5,31.15982717,0.031518519,NA,19.4,NA,NA,NA,NA,NA,"PERENNIAL","FORB","FORB",539,26.9080856987476,0.0349649127245133,12.6450402920845,21.2696774959681,0.180932904627991,0.337168051209141,114.565372805668,0.485373643351083,0.339560520660919,31.15982717,0.031518519,12.6450402920845,19.4,0.180932904627991,0.337168051209141,114.565372805668,0.485373643351083,0.339560520660919
"130","cdpt_drt.us","MACHAERANTHERA PINNATIFIDA",-0.2,NA,NA,NA,14.18259087,1.335,NA,NA,NA,NA,"PERENNIAL","FORB","FORB",540,18.2342200095609,0.293278820967413,9.62189323984488,14.960951242708,0.92554734731919,0.406473821801536,72.451354551225,0.184734736160286,0.411875725611305,18.2342200095609,0.293278820967413,9.62189323984488,14.18259087,1.335,0.406473821801536,72.451354551225,0.184734736160286,0.411875725611305
"131","sevmixed.us","MACHAERANTHERA PINNATIFIDA",0.333333333,NA,NA,NA,14.18259087,1.335,NA,NA,NA,NA,"PERENNIAL","FORB","FORB",541,18.2416145230316,0.292837741035596,9.62710698433313,15.0256927251776,0.957376821176988,0.407186562054398,71.6297306709337,0.184624366694401,0.414139389744839,18.2416145230316,0.292837741035596,9.62710698433313,14.18259087,1.335,0.407186562054398,71.6297306709337,0.184624366694401,0.414139389744839
"132","jilpanger.au","MICROSERIS SCAPIGERA",0,NA,0.403333333,NA,35.23,NA,NA,NA,NA,NA,"PERENNIAL","FORB","FORB",561,20.3386986091843,0.30296926796231,10.0209032295532,25.9617751213907,0.433473105152939,0.402203357209438,97.2529703001729,0.152006580882301,0.379253842160183,20.3386986091843,0.403333333,10.0209032295532,35.23,0.433473105152939,0.402203357209438,97.2529703001729,0.152006580882301,0.379253842160183
"133","milparinka.au","MINURIA DENTICULATA",0,NA,0.15,NA,10.12839779,NA,NA,NA,NA,NA,"PERENNIAL","FORB","FORB",565,18.1292551417674,0.21701859533533,9.40917308813308,14.1003693916265,0.462862616726982,0.395585666471501,77.6495616223036,0.190080810827172,0.392436168124138,18.1292551417674,0.15,9.40917308813308,10.12839779,0.462862616726982,0.395585666471501,77.6495616223036,0.190080810827172,0.392436168124138
"134","cedartrait.us","MONARDA FISTULOSA",-2,11.29051118,0.662,17.87547,16.99988269,0.1016,0.28925,32.46391317,0.1508955,0.411046263,"PERENNIAL","FORB","FORB",568,12.2818422466434,0.553104277694429,16.3844422845746,16.7000380758054,0.116462895785758,0.290977465076281,40.36960350239,0.158571838071413,0.400046088950068,11.29051118,0.662,17.87547,16.99988269,0.1016,0.28925,32.46391317,0.1508955,0.411046263
"135","spvdrt.ar","NOTICASTRUM SERICEUM",3,30.175,NA,NA,36.99,NA,NA,NA,NA,NA,"PERENNIAL","FORB","FORB",584,25.2238712233778,0.250624451932148,10.018498641988,27.8794871775699,0.398967649377594,0.396181436200767,99.4941738370253,0.149547526312584,0.38244482826417,30.175,0.250624451932148,10.018498641988,36.99,0.398967649377594,0.396181436200767,99.4941738370253,0.149547526312584,0.38244482826417
"136","cdpt_drt.us","OPUNTIA POLYACANTHA",0.9,NA,0.6096,NA,NA,0.3048,NA,NA,NA,NA,"PERENNIAL","SUCCULENT","FORB",585,18.4255041840055,0.555512831004969,3.52740290313476,26.3259070987959,0.419595685277601,0.278933022422254,73.5168195133918,0.164130003929065,0.399621668701776,18.4255041840055,0.6096,3.52740290313476,26.3259070987959,0.3048,0.278933022422254,73.5168195133918,0.164130003929065,0.399621668701776
"137","nplatte.us","OPUNTIA POLYACANTHA",55,NA,0.6096,NA,NA,0.3048,NA,NA,NA,NA,"PERENNIAL","SUCCULENT","FORB",586,18.4330216551339,0.554282284763621,3.52334519580452,26.2836841710484,0.420342191249369,0.278640416868172,73.6490697906686,0.164313696029419,0.399109164823022,18.4330216551339,0.6096,3.52334519580452,26.2836841710484,0.3048,0.278640416868172,73.6490697906686,0.164313696029419,0.399109164823022
"138","oreaa.us","PACKERA CANA",9.5,2.689516025,0.4572,NA,9.38342867,0.3048,NA,NA,NA,NA,"PERENNIAL","FORB","FORB",590,4.1572399941015,0.344402996655136,8.55498650471579,10.2884832554574,0.35798789490745,0.46745030920616,74.6459829080415,0.21274156044421,0.381699675774954,2.689516025,0.4572,8.55498650471579,9.38342867,0.3048,0.46745030920616,74.6459829080415,0.21274156044421,0.381699675774954
"139","sand.us","PARTHENIUM INTEGRIFOLIUM",-15,NA,0.702,NA,13.51425987,1.8,NA,NA,NA,0.33,"PERENNIAL","FORB","FORB",601,18.5799905512452,0.587568275814186,9.41228666981465,14.6564700634142,1.44514508855423,0.422933154283961,63.4098537748578,0.174425820721526,0.348578381229933,18.5799905512452,0.702,9.41228666981465,13.51425987,1.8,0.422933154283961,63.4098537748578,0.174425820721526,0.33
"140","jilpanger.au","PELARGONIUM RODNEYANUM",0,NA,0.26956,NA,16.37030108,NA,NA,NA,NA,NA,"PERENNIAL","FORB","FORB",606,22.6815760070563,0.28797697058245,11.012318526058,20.6200187584272,1.00323862173957,0.137424958329242,147.242523685408,0.386821202790907,0.501376161832272,22.6815760070563,0.26956,11.012318526058,16.37030108,1.00323862173957,0.137424958329242,147.242523685408,0.386821202790907,0.501376161832272
"141","paike.ar","PEREZIA RECURVATA",0,NA,NA,NA,NA,0.35,NA,NA,NA,NA,"PERENNIAL","FORB","FORB",608,19.3087664902843,0.253905222400419,9.63979995176247,19.6614918614409,0.350120477000701,0.393288978396133,92.6019043316745,0.168709794445776,0.376766073980832,19.3087664902843,0.253905222400419,9.63979995176247,19.6614918614409,0.35,0.393288978396133,92.6019043316745,0.168709794445776,0.376766073980832
"142","passogavia.it","PERSICARIA VIVIPARA",0.055,31.74810336,0.147141905,NA,14.50269948,NA,NA,NA,NA,NA,"PERENNIAL","FORB","FORB",609,28.2357721942971,0.236438301062391,8.24019571569213,17.1959873748761,0.999381348518644,0.234171459276953,64.4305442348632,0.243744361396024,0.580213704608835,31.74810336,0.147141905,8.24019571569213,14.50269948,0.999381348518644,0.234171459276953,64.4305442348632,0.243744361396024,0.580213704608835
"143","oreaa.us","PHLOX HOODII",-1,23.26666667,0.02825,11.8,13.95070877,0.54,0.2647,107.0545926,0.180454545,NA,"PERENNIAL","FORB","FORB",614,22.3698025278744,0.0407214003303531,10.9803307234105,15.1722883779874,0.465486939939414,0.281906195192779,100.044337981539,0.215275942996261,0.387576194093655,23.26666667,0.02825,11.8,13.95070877,0.54,0.2647,107.0545926,0.180454545,0.387576194093655
"144","passogavia.it","PHYTEUMA HEMISPHAERICUM",0.2,27.40168667,0.1,NA,21.3,NA,NA,NA,NA,NA,"PERENNIAL","FORB","FORB",618,25.8227920140005,0.162556099267567,10.1760863351057,22.8915088478407,1.08434859536278,0.187818886288744,12.887008603463,0.188627507314594,0.658313141473791,27.40168667,0.1,10.1760863351057,21.3,1.08434859536278,0.187818886288744,12.887008603463,0.188627507314594,0.658313141473791
"145","baddrt.de","PICRIS HIERACIOIDES",-4.5,24.11,0.157,12.13,18.58,1.23,0.45557832,193.765,0.118,0.554,"PERENNIAL","FORB","FORB",620,23.7689589179357,0.173021607456737,11.9222265070158,19.1231980933788,1.1768807480495,0.441812763101424,176.591961113102,0.120478179531661,0.546362134975605,24.11,0.157,12.13,18.58,1.23,0.45557832,193.765,0.118,0.554
"146","allmendo.ch","PIMPINELLA SAXIFRAGA",-0.499999999,21.22166667,0.445,3.322678571,20.92174997,2.42685,0.228622222,149.6596103,0.315348446,0.328183381,"PERENNIAL","FORB","FORB",623,20.9952706670485,0.442531903154712,3.35582750232238,20.6586394279032,2.31551655966046,0.229337658744296,142.486700344737,0.311858384585859,0.332878298752026,21.22166667,0.445,3.322678571,20.92174997,2.42685,0.228622222,149.6596103,0.315348446,0.328183381
"147","allmendb.ch","PIMPINELLA SAXIFRAGA",1.416666667,21.22166667,0.445,3.322678571,20.92174997,2.42685,0.228622222,149.6596103,0.315348446,0.328183381,"PERENNIAL","FORB","FORB",624,20.9918935194779,0.442327352103086,3.37258218754214,20.6643164550842,2.3367440882368,0.229438714629065,142.931346772626,0.313141725292239,0.33405909207115,21.22166667,0.445,3.322678571,20.92174997,2.42685,0.228622222,149.6596103,0.315348446,0.328183381
"148","allmendo.ch","PLANTAGO LANCEOLATA",0.166666667,25.695,0.2225,23.59846931,17.59,0.57,0.502025,225.0999155,0.138912722,0.394104891,"PERENNIAL","FORB","FORB",627,25.6295101517954,0.222593550532118,23.4448555345084,17.5895215130596,0.563882864694864,0.49773901818468,221.326629431929,0.139045027409899,0.393172379569771,25.695,0.2225,23.59846931,17.59,0.57,0.502025,225.0999155,0.138912722,0.394104891
"149","allmendb.ch","PLANTAGO LANCEOLATA",0.625,25.695,0.2225,23.59846931,17.59,0.57,0.502025,225.0999155,0.138912722,0.394104891,"PERENNIAL","FORB","FORB",628,25.5854371655306,0.221510484503614,23.3642577620926,17.5816148030776,0.566958541620619,0.49721914541736,222.216662686523,0.139202457610834,0.393340289442677,25.695,0.2225,23.59846931,17.59,0.57,0.502025,225.0999155,0.138912722,0.394104891
"150","yarradrt.au","PLANTAGO LANCEOLATA",-0.3,25.695,0.2225,23.59846931,17.59,0.57,0.502025,225.0999155,0.138912722,0.394104891,"PERENNIAL","FORB","FORB",629,25.6145374273649,0.222542322699678,23.47863846834,17.5850711640472,0.565786622548959,0.494091605505337,223.489231372199,0.138907874303921,0.393290750132518,25.695,0.2225,23.59846931,17.59,0.57,0.502025,225.0999155,0.138912722,0.394104891
"151","rhijn.nl","PLANTAGO LANCEOLATA",0.666666667,25.695,0.2225,23.59846931,17.59,0.57,0.502025,225.0999155,0.138912722,0.394104891,"PERENNIAL","FORB","FORB",631,25.5577124135626,0.222293033865316,23.4130304329156,17.6073532966813,0.565858686715019,0.499018924460127,223.095865560682,0.139137813172644,0.392812191684636,25.695,0.2225,23.59846931,17.59,0.57,0.502025,225.0999155,0.138912722,0.394104891
"152","baddrt.de","PLANTAGO LANCEOLATA",0.25,25.695,0.2225,23.59846931,17.59,0.57,0.502025,225.0999155,0.138912722,0.394104891,"PERENNIAL","FORB","FORB",632,25.558698319844,0.222198733120634,23.5466796197456,17.5790182053759,0.563971341989765,0.495627800982054,222.73741801938,0.138983070536496,0.393442815126007,25.695,0.2225,23.59846931,17.59,0.57,0.502025,225.0999155,0.138912722,0.394104891
"153","allmendo.ch","POLYGALA VULGARIS",-0.125,21.94018231,0.172916667,NA,19.02952398,NA,NA,NA,NA,0.4,"PERENNIAL","FORB","FORB",659,22.1134913210346,0.200688955783405,16.0560738975236,22.3278374552312,0.272479377500496,0.301755987160056,166.934989128175,0.303035973034633,0.42816408959316,21.94018231,0.172916667,16.0560738975236,19.02952398,0.272479377500496,0.301755987160056,166.934989128175,0.303035973034633,0.4
"154","allmendb.ch","POLYGALA VULGARIS",-0.583333333,21.94018231,0.172916667,NA,19.02952398,NA,NA,NA,NA,0.4,"PERENNIAL","FORB","FORB",660,22.08704517222,0.200527148179929,16.0658408829366,22.3694867602021,0.275302365721944,0.301810953273786,165.273251169637,0.304327923144527,0.428447732597764,21.94018231,0.172916667,16.0658408829366,19.02952398,0.275302365721944,0.301810953273786,165.273251169637,0.304327923144527,0.4
"155","elvadrt.ee","POTENTILLA ANSERINA",-5,26.20897891,0.134,NA,18.49577993,0.42,NA,4.917822635,0.570124792,NA,"PERENNIAL","FORB","FORB",663,25.3577136718566,0.147724888341457,9.06298317379529,18.6632579885434,0.449421737753949,0.391969573091422,5.47272139723427,0.553280110623566,0.334113874463863,26.20897891,0.134,9.06298317379529,18.49577993,0.42,0.391969573091422,4.917822635,0.570124792,0.334113874463863
"156","lygraold.no","POTENTILLA ERECTA",2.666666667,25.74581524,0.203633333,9.89,23.25978339,0.55,NA,NA,NA,NA,"PERENNIAL","FORB","FORB",664,25.5479602835761,0.205329258195344,9.88311200258732,22.9056340861229,0.546589622619257,0.364464989200845,10.4737665273713,0.44929597835985,0.342317456829319,25.74581524,0.203633333,9.89,23.25978339,0.55,0.364464989200845,10.4737665273713,0.44929597835985,0.342317456829319
"157","lygraint.no","POTENTILLA ERECTA",-0.333333334,25.74581524,0.203633333,9.89,23.25978339,0.55,NA,NA,NA,NA,"PERENNIAL","FORB","FORB",665,25.5587612513234,0.205395021844329,9.88728081627802,22.8795042747051,0.545006924881283,0.366153350687774,10.4892901182355,0.448995060380114,0.341359943236184,25.74581524,0.203633333,9.89,23.25978339,0.55,0.366153350687774,10.4892901182355,0.448995060380114,0.341359943236184
"158","allmendo.ch","POTENTILLA GRANDIFLORA",-0.666666667,22.50305872,0.173728571,NA,15.81420718,NA,NA,NA,NA,NA,"PERENNIAL","FORB","FORB",666,22.5341365153616,0.182323853508631,9.4782747923843,16.6432402812852,0.527242423211475,0.364408568209951,9.44041797344976,0.505954908349022,0.346501749710216,22.50305872,0.173728571,9.4782747923843,15.81420718,0.527242423211475,0.364408568209951,9.44041797344976,0.505954908349022,0.346501749710216
"159","allmendb.ch","POTENTILLA GRANDIFLORA",-0.625,22.50305872,0.173728571,NA,15.81420718,NA,NA,NA,NA,NA,"PERENNIAL","FORB","FORB",667,22.5508619685643,0.180944617799534,9.49316004841516,16.6751007138453,0.527654245847218,0.364466233879995,9.48976616965286,0.503938242114464,0.346956868480894,22.50305872,0.173728571,9.49316004841516,15.81420718,0.527654245847218,0.364466233879995,9.48976616965286,0.503938242114464,0.346956868480894
"160","rhijn.nl","POTENTILLA REPTANS",18.5,24.6133503,0.274083333,NA,25.43715928,NA,NA,10.2985364,NA,0.3725,"PERENNIAL","FORB","FORB",668,24.6113344949114,0.25223274617624,9.98260365608839,24.0044014134665,0.517882605886163,0.363026912706318,10.1993279824474,0.445950478542074,0.346202691179969,24.6133503,0.274083333,9.98260365608839,25.43715928,0.517882605886163,0.363026912706318,10.2985364,0.445950478542074,0.3725
"161","passogavia.it","PRIMULA GLUTINOSA",-0.03,26.87990333,0.0794,NA,13.65015056,0.2515,NA,NA,NA,NA,"PERENNIAL","FORB","FORB",669,24.9931496508715,0.0738602076069351,12.7441999232069,15.7173344798713,0.2419655419364,0.331189596202281,102.104209642999,0.507402945611117,0.32842766218864,26.87990333,0.0794,12.7441999232069,13.65015056,0.2515,0.331189596202281,102.104209642999,0.507402945611117,0.32842766218864
"162","allmendo.ch","PRUNELLA VULGARIS",-4.25,16.811555,0.250255556,5.87871,23.15800111,0.254,0.294300536,223.0600732,0.161917314,0.335769284,"PERENNIAL","FORB","FORB",673,16.8462876669163,0.250579310807211,5.91471834075911,22.9989346387634,0.254334199462807,0.294549745731575,220.834254249985,0.16178472210468,0.336136766209217,16.811555,0.250255556,5.87871,23.15800111,0.254,0.294300536,223.0600732,0.161917314,0.335769284
"163","allmendb.ch","PRUNELLA VULGARIS",0.666666663,16.811555,0.250255556,5.87871,23.15800111,0.254,0.294300536,223.0600732,0.161917314,0.335769284,"PERENNIAL","FORB","FORB",674,16.8378556250026,0.250293104814984,5.92503556293438,23.089254871841,0.254805029439639,0.2946040699285,220.426905747761,0.161508242105616,0.336407142380683,16.811555,0.250255556,5.87871,23.15800111,0.254,0.294300536,223.0600732,0.161917314,0.335769284
"164","rhijn.nl","PRUNELLA VULGARIS",1.5,16.811555,0.250255556,5.87871,23.15800111,0.254,0.294300536,223.0600732,0.161917314,0.335769284,"PERENNIAL","FORB","FORB",675,16.8581272923893,0.25064702554404,5.94398569312664,23.0098523420613,0.254381618918235,0.294568858658543,220.766884216623,0.161458703471363,0.335916098034318,16.811555,0.250255556,5.87871,23.15800111,0.254,0.294300536,223.0600732,0.161917314,0.335769284
"165","sand.us","PTERIDIUM AQUILINUM",-7.5,21.68333333,1.99667,9.852689835,16.50649574,0.254,0.2511,53.87484386,0.184848485,NA,"PERENNIAL","FORB","FORB",680,21.2384640128493,1.63971849281062,9.44346820866151,14.9620236451123,0.225273226151112,0.268852784381262,71.9586343996103,0.200911906516274,0.351968506061107,21.68333333,1.99667,9.852689835,16.50649574,0.254,0.2511,53.87484386,0.184848485,0.351968506061107
"166","cobar.au","PTILOTUS ATRIPLICIFOLIUS",-4.75,NA,0.8666,NA,NA,NA,NA,NA,NA,NA,"PERENNIAL","FORB","FORB",681,25.4313706756022,0.861401157154656,10.3458025062729,8.99613331580267,0.713168866180771,0.239856292127864,25.8022995057852,0.378032157676812,0.225334714099136,25.4313706756022,0.8666,10.3458025062729,8.99613331580267,0.713168866180771,0.239856292127864,25.8022995057852,0.378032157676812,0.225334714099136
"167","ethadb.au","PTILOTUS POLYSTACHYUS",20.5,23.98,1,NA,9.6,NA,NA,NA,NA,NA,"PERENNIAL","FORB","FORB",684,24.6547614858106,0.83860922875839,10.3209196350923,9.12422261011193,0.714824161470966,0.240868132632951,25.9916489271394,0.375794899017795,0.225625321922131,23.98,1,10.3209196350923,9.6,0.714824161470966,0.240868132632951,25.9916489271394,0.375794899017795,0.225625321922131
"168","elvadrt.ee","RANUNCULUS ACRIS",2.666666666,24.40250649,0.26,8.85,22.85689329,0.44,0.35099,79.42699605,0.215759509,0.652478955,"PERENNIAL","FORB","FORB",688,24.1625215823809,0.258836095906379,8.89105803651326,22.6983403780936,0.435563226277828,0.350875703829056,79.8528340880378,0.214809491712166,0.644814972917355,24.40250649,0.26,8.85,22.85689329,0.44,0.35099,79.42699605,0.215759509,0.652478955
"169","rhijn.nl","RANUNCULUS ACRIS",0.6,24.40250649,0.26,8.85,22.85689329,0.44,0.35099,79.42699605,0.215759509,0.652478955,"PERENNIAL","FORB","FORB",689,24.1814281386949,0.258412678971438,8.90710654517498,22.7477205092691,0.433965454924229,0.350130374692889,80.0442441655721,0.215326413949892,0.645765240831588,24.40250649,0.26,8.85,22.85689329,0.44,0.35099,79.42699605,0.215759509,0.652478955
"170","cowidrt.ca","RANUNCULUS OCCIDENTALIS",0,18.8,NA,NA,NA,NA,NA,NA,NA,NA,"PERENNIAL","FORB","FORB",690,18.8169704287127,0.199870020135339,9.27178605363398,20.9720422792128,0.325615157541035,0.375583539130977,103.508650014194,0.193169745158118,0.530052693179741,18.8,0.199870020135339,9.27178605363398,20.9720422792128,0.325615157541035,0.375583539130977,103.508650014194,0.193169745158118,0.530052693179741
"171","teshio.jp","RANUNCULUS REPENS",1,30.80309083,0.243333333,9.982096286,23.70182726,0.1524,0.412452083,217.6519817,0.133080484,0.400038348,"PERENNIAL","FORB","FORB",691,29.643830682316,0.240557665849561,9.84470825353106,23.9062430552329,0.160274657723716,0.396663845537206,205.423804336832,0.135956562315814,0.416370965310654,30.80309083,0.243333333,9.982096286,23.70182726,0.1524,0.412452083,217.6519817,0.133080484,0.400038348
"172","jilpanger.au","RANUNCULUS ROBERTSONII",-0.5,NA,0.1,NA,NA,NA,NA,NA,NA,NA,"PERENNIAL","FORB","FORB",692,22.8895495091874,0.100852439559702,9.21718411752523,23.0657711120869,0.291123795524429,0.377614310400431,105.489852263322,0.196121482246386,0.547371935618333,22.8895495091874,0.1,9.21718411752523,23.0657711120869,0.291123795524429,0.377614310400431,105.489852263322,0.196121482246386,0.547371935618333
"173","matador.ca","RATIBIDA COLUMNIFERA",0.25,17.595,0.395,NA,22.85,0.3556,0.660475,NA,NA,NA,"PERENNIAL","FORB","FORB",695,17.8416639793686,0.330751420495885,9.39322666893086,22.2195401978948,0.371891627258131,0.578896509368103,78.8683683974867,0.155192179746049,0.350084596839192,17.595,0.395,9.39322666893086,22.85,0.3556,0.660475,78.8683683974867,0.155192179746049,0.350084596839192
"174","jilpanger.au","ROMULEA ROSEA",0,NA,0.265157499,NA,10.313611,NA,NA,NA,NA,NA,"PERENNIAL","GRASS","FORB",703,15.4061778954655,0.233765162439419,9.63279486714822,10.9403902375476,0.332236387542136,0.33161136503269,114.706558918342,0.0699743567963228,0.411566537189941,15.4061778954655,0.265157499,9.63279486714822,10.313611,0.332236387542136,0.33161136503269,114.706558918342,0.0699743567963228,0.411566537189941
"175","konzadrt.us","RUELLIA HUMILIS",1,21.185,0.502906667,NA,12.07550636,0.1016,0.435330769,18.40109592,0.413307,0.340371153,"PERENNIAL","FORB","FORB",712,21.6870240073643,0.552835339040252,17.6123548815473,11.8786271886049,0.114241783519596,0.44972361754077,32.1316202105973,0.407526175056257,0.320598594006236,21.185,0.502906667,17.6123548815473,12.07550636,0.1016,0.435330769,18.40109592,0.413307,0.340371153
"176","falls.au","RUMEX ACETOSELLA",-0.25,11.61,0.235714286,18.76112,30.32394073,0.902,0.262467915,69.76965918,0.147587959,0.370900975,"PERENNIAL","FORB","FORB",715,12.5386329631714,0.281176097729126,14.415253509243,29.4138543098333,0.887160140785764,0.270400023823345,74.3559489873784,0.167512215273519,0.390479463951009,11.61,0.235714286,18.76112,30.32394073,0.902,0.262467915,69.76965918,0.147587959,0.370900975
"177","allmendb.ch","SALVIA PRATENSIS",1.25,19.3,0.520833333,NA,27.025,2.1,NA,NA,NA,0.265,"PERENNIAL","FORB","FORB",724,19.7364203616867,0.513155080539186,9.69115711542566,24.5565210917617,1.7930235264897,0.437389051735576,152.656384652662,0.0593082404515111,0.267745184734412,19.3,0.520833333,9.69115711542566,27.025,2.1,0.437389051735576,152.656384652662,0.0593082404515111,0.265
"178","allmendo.ch","SALVIA PRATENSIS",0.75,19.3,0.520833333,NA,27.025,2.1,NA,NA,NA,0.265,"PERENNIAL","FORB","FORB",725,19.6207306395777,0.514104958449716,9.69400261513406,24.1210836668807,1.77974516531026,0.434948181132571,153.924329224162,0.0593333914262453,0.267555213733971,19.3,0.520833333,9.69400261513406,27.025,2.1,0.434948181132571,153.924329224162,0.0593333914262453,0.265
"179","allmendb.ch","SANGUISORBA MINOR",-1.75,19.82857143,0.340136667,13.0925861,18.63307157,0.3048,0.4611271,118.7237432,0.280697821,0.348772897,"PERENNIAL","FORB","FORB",728,19.7324683142612,0.325628695228363,12.6660792319186,18.7006100477166,0.379122020810632,0.432941615661077,94.076146981661,0.274453000939445,0.345270684766669,19.82857143,0.340136667,13.0925861,18.63307157,0.3048,0.4611271,118.7237432,0.280697821,0.348772897
"180","allmendo.ch","SCABIOSA COLUMBARIA",0.791666667,21.2,0.594444444,NA,19.09599561,0.9,0.181166667,120.2294669,0.347953216,0.664804469,"PERENNIAL","FORB","FORB",729,21.169113635408,0.587902352106199,9.10770152194907,19.0365215928053,0.894454089940617,0.181713548665612,119.784575861782,0.345339927368303,0.66134525444386,21.2,0.594444444,9.10770152194907,19.09599561,0.9,0.181166667,120.2294669,0.347953216,0.664804469
"181","allmendb.ch","SCABIOSA COLUMBARIA",-1.75,21.2,0.594444444,NA,19.09599561,0.9,0.181166667,120.2294669,0.347953216,0.664804469,"PERENNIAL","FORB","FORB",730,21.187016845203,0.58588432287233,9.11439907872031,19.0233774034973,0.889158549686764,0.182257771198784,119.708568799656,0.34573092973041,0.660851410784846,21.2,0.594444444,9.11439907872031,19.09599561,0.9,0.181166667,120.2294669,0.347953216,0.664804469
"182","ukulingadrt.za","SCABIOSA COLUMBARIA",3.75,21.2,0.594444444,NA,19.09599561,0.9,0.181166667,120.2294669,0.347953216,0.664804469,"PERENNIAL","FORB","FORB",731,21.1476323951828,0.589310142858394,9.13518111393766,19.0276544685689,0.89335354820974,0.181980795345246,120.018767132292,0.344950365519504,0.660761898577866,21.2,0.594444444,9.13518111393766,19.09599561,0.9,0.181166667,120.2294669,0.347953216,0.664804469
"183","brokenh.au","SCLEROLAENA DIACANTHA",0,17.13159156,0.354166667,NA,4.354913878,NA,NA,NA,NA,NA,"PERENNIAL","FORB","FORB",744,17.1242279295854,0.351210827233404,6.24758170998471,4.53616641933736,0.335606614486004,0.290645093011902,45.8743252023399,0.149394609018759,0.372497711671228,17.13159156,0.354166667,6.24758170998471,4.354913878,0.335606614486004,0.290645093011902,45.8743252023399,0.149394609018759,0.372497711671228
"184","cobar.au","SCLEROLAENA DIACANTHA",-1.666666667,17.13159156,0.354166667,NA,4.354913878,NA,NA,NA,NA,NA,"PERENNIAL","FORB","FORB",745,17.1235252141174,0.351519550077427,6.26085687517791,4.52347905717858,0.336749620700723,0.291052996934021,45.6435985973607,0.149436986259652,0.372901595804009,17.13159156,0.354166667,6.26085687517791,4.354913878,0.336749620700723,0.291052996934021,45.6435985973607,0.149436986259652,0.372901595804009
"185","quilpie.au","SCLEROLAENA DIACANTHA",-3,17.13159156,0.354166667,NA,4.354913878,NA,NA,NA,NA,NA,"PERENNIAL","FORB","FORB",746,17.1318612769838,0.352092001920002,6.26671651731299,4.53191694370295,0.334951236241346,0.291749275578729,45.773697893974,0.148984216024972,0.372674504734131,17.13159156,0.354166667,6.26671651731299,4.354913878,0.334951236241346,0.291749275578729,45.773697893974,0.148984216024972,0.372674504734131
"186","milparinka.au","SCLEROLAENA DIACANTHA",0,17.13159156,0.354166667,NA,4.354913878,NA,NA,NA,NA,NA,"PERENNIAL","FORB","FORB",747,17.132887750715,0.35314073870721,6.27431374471309,4.50994057375609,0.334838731721662,0.289963992468393,45.8169425985551,0.149617007179076,0.37343073138171,17.13159156,0.354166667,6.27431374471309,4.354913878,0.334838731721662,0.289963992468393,45.8169425985551,0.149617007179076,0.37343073138171
"187","milparinka.au","SCLEROLAENA ERIACANTHA",-9,NA,0.2,NA,7.535749722,NA,NA,NA,NA,NA,"PERENNIAL","FORB","FORB",748,17.7429193778672,0.2256080575812,6.31992893596557,6.9264302242068,0.297879330506645,0.300827202711571,53.1132486793589,0.134354428973521,0.379986092574063,17.7429193778672,0.2,6.31992893596557,7.535749722,0.297879330506645,0.300827202711571,53.1132486793589,0.134354428973521,0.379986092574063
"188","quilpie.au","SCLEROLAENA ERIACANTHA",-0.666666667,NA,0.2,NA,7.535749722,NA,NA,NA,NA,NA,"PERENNIAL","FORB","FORB",749,17.7450164851849,0.223938585106323,6.33557168622772,6.98024182841587,0.297405751850137,0.300987169207639,53.2500497687645,0.13454606530696,0.380637130056851,17.7450164851849,0.2,6.33557168622772,7.535749722,0.297405751850137,0.300987169207639,53.2500497687645,0.13454606530696,0.380637130056851
"189","passogavia.it","SCORZONEROIDES HELVETICA",-0.76,19.91124679,0.036,NA,30.24299383,NA,NA,NA,NA,NA,"PERENNIAL","FORB","FORB",752,19.6454007261367,0.0640805611825462,9.37734004849559,27.5134311370525,0.362960803947061,0.426893211443668,94.2327887021797,0.168995423429082,0.415551481762376,19.91124679,0.036,9.37734004849559,30.24299383,0.362960803947061,0.426893211443668,94.2327887021797,0.168995423429082,0.415551481762376
"190","cmss.us","SEDUM LANCEOLATUM",-6,14.02,0.034118056,NA,19.94714647,NA,NA,NA,NA,NA,"PERENNIAL","SUCCULENT","FORB",754,14.3546135544163,0.0574281988981936,4.20073709980039,16.6633517601825,0.139590414701138,0.509869906307953,53.4909850688403,0.193264806721921,0.222193778521119,14.02,0.034118056,4.20073709980039,19.94714647,0.139590414701138,0.509869906307953,53.4909850688403,0.193264806721921,0.222193778521119
"191","oreaa.us","SEDUM STENOPETALUM",-0.833333333,12.3,0.1118,NA,9.29,0.1,0.58,NA,NA,NA,"PERENNIAL","FORB","FORB",755,13.0620105224673,0.0998516126474134,4.10509279205301,10.4528942798311,0.135611729103779,0.518528693737516,46.2864730640662,0.214666864621023,0.212171812490419,12.3,0.1118,4.10509279205301,9.29,0.1,0.58,46.2864730640662,0.214666864621023,0.212171812490419
"192","brokenh.au","SIDA PETROPHILA",-0.166666667,NA,1.322333333,NA,6.557280047,NA,NA,NA,NA,NA,"PERENNIAL","FORB","FORB",763,25.6418608198028,0.357144641948486,8.92571044553592,7.57174408896685,0.330270019555959,0.299331687932584,14.7584265720597,0.332100449915112,0.353405094692804,25.6418608198028,1.322333333,8.92571044553592,6.557280047,0.330270019555959,0.299331687932584,14.7584265720597,0.332100449915112,0.353405094692804
"193","scruzh.us","SISYRINCHIUM BELLUM",-1.036249833,17.68333333,0.154285714,NA,11.53419611,NA,0.32952,118.754489,0.035354167,0.367217591,"PERENNIAL","FORB","FORB",765,16.6841828780035,0.163759112822345,9.54997535635112,11.495839731012,0.319927997862491,0.336056812510081,123.200695985873,0.060406674324632,0.414680720405171,17.68333333,0.154285714,9.54997535635112,11.53419611,0.319927997862491,0.32952,118.754489,0.035354167,0.367217591
"194","cedarsav.us","SISYRINCHIUM CAMPESTRE",0.5,12.11333333,0.231,NA,11.59588118,NA,NA,NA,NA,NA,"PERENNIAL","FORB","FORB",766,13.6570231700482,0.213074894790855,9.53219108155361,11.23770106424,0.338234108367018,0.340563792268906,115.434383624753,0.0706797926957127,0.412960042543095,12.11333333,0.231,9.53219108155361,11.59588118,0.338234108367018,0.340563792268906,115.434383624753,0.0706797926957127,0.412960042543095
"195","sevmixed.us","SOLANUM ELAEAGNIFOLIUM",0.875,NA,0.58325,NA,11.77367047,1.77,NA,NA,NA,NA,"PERENNIAL","FORB","FORB",767,30.4750453002336,0.460591535937833,9.99276140691577,9.67861644859661,0.844638031476404,0.255883614720999,49.3604400969252,0.340205869527388,0.476626043563298,30.4750453002336,0.58325,9.99276140691577,11.77367047,1.77,0.255883614720999,49.3604400969252,0.340205869527388,0.476626043563298
"196","brokenh.au","SOLANUM ELLIPTICUM",0,37.01758824,0.333333333,NA,5.182524555,NA,NA,NA,NA,NA,"PERENNIAL","FORB","FORB",768,32.0326339448532,0.390404558810983,9.65443273828463,6.52957600717166,0.726827807027942,0.247194571101329,43.4360452542736,0.395020396894891,0.471718994236245,37.01758824,0.333333333,9.65443273828463,5.182524555,0.726827807027942,0.247194571101329,43.4360452542736,0.395020396894891,0.471718994236245
"197","passogavia.it","SOLDANELLA PUSILLA",-0.38,20.40547333,0.02,NA,16.8,NA,NA,NA,NA,NA,"PERENNIAL","FORB","FORB",769,20.7403537831879,0.0261120010522281,12.1772824984807,18.761515040854,0.184977405714787,0.354085680830216,106.675630342588,0.521805815898049,0.345960889639269,20.40547333,0.02,12.1772824984807,16.8,0.184977405714787,0.354085680830216,106.675630342588,0.521805815898049,0.345960889639269
"198","brookdale.ca","SOLIDAGO CANADENSIS",-2.5,15.13338959,0.485,5.2,14.07665001,0.3048,0.486273328,17.1911586,0.085770833,0.31,"PERENNIAL","FORB","FORB",770,15.1669863840764,0.484208660063307,5.2150583190391,14.1034017564232,0.307900502830634,0.487558407498128,18.0157251975442,0.0878836918881961,0.31004885998382,15.13338959,0.485,5.2,14.07665001,0.3048,0.486273328,17.1911586,0.085770833,0.31
"199","purdue.us","SOLIDAGO CANADENSIS",-15.875,15.13338959,0.485,5.2,14.07665001,0.3048,0.486273328,17.1911586,0.085770833,0.31,"PERENNIAL","FORB","FORB",771,15.1726887334645,0.482613213453554,5.22165434005972,14.0861963784586,0.308104600803166,0.487998179143517,18.0322234658352,0.0868386318265611,0.310496188288455,15.13338959,0.485,5.2,14.07665001,0.3048,0.486273328,17.1911586,0.085770833,0.31
"200","esw.ca","SOLIDAGO CANADENSIS",-14.66666667,15.13338959,0.485,5.2,14.07665001,0.3048,0.486273328,17.1911586,0.085770833,0.31,"PERENNIAL","FORB","FORB",772,15.2081710677697,0.483072247413487,5.20351562358751,14.068079985374,0.306476729034696,0.486868455046041,17.7587791825287,0.0893564560346218,0.310184956481984,15.13338959,0.485,5.2,14.07665001,0.3048,0.486273328,17.1911586,0.085770833,0.31
"201","baddrt.de","SOLIDAGO CANADENSIS",4.2,15.13338959,0.485,5.2,14.07665001,0.3048,0.486273328,17.1911586,0.085770833,0.31,"PERENNIAL","FORB","FORB",773,15.2097438819299,0.484128229684321,5.2102063004158,14.1041369733648,0.307786857871603,0.488007623033686,17.713787511928,0.0879432281140861,0.310192328033313,15.13338959,0.485,5.2,14.07665001,0.3048,0.486273328,17.1911586,0.085770833,0.31
"202","kernb.ca","SOLIDAGO MISSOURIENSIS",0.75,13.3335,0.576,5.2,12.52507393,0.2032,0.323716667,100.2127031,0.269866647,NA,"PERENNIAL","FORB","FORB",774,13.575097350552,0.559674367326164,5.39766321730294,12.4827688445416,0.224753642463231,0.326410336754117,88.2776088834326,0.226897597984121,0.350478893668148,13.3335,0.576,5.2,12.52507393,0.2032,0.323716667,100.2127031,0.269866647,0.350478893668148
"203","cedartrait.us","SOLIDAGO NEMORALIS",-4.85714286,15.47778333,0.57,5.2,12.76442277,0.3048,0.369872222,208.2087011,0.17795925,0.270183504,"PERENNIAL","FORB","FORB",775,15.4858413131569,0.562373726308582,5.35061386074899,12.8335296877128,0.294462080728377,0.367641475915982,159.146953080665,0.170160757090883,0.280337976193654,15.47778333,0.57,5.2,12.76442277,0.3048,0.369872222,208.2087011,0.17795925,0.270183504
"204","brookdale.ca","SOLIDAGO RIGIDA",-1,14.59,0.598,5.2,10.23214847,0.3048,0.34,35.33592984,0.215521046,0.482373411,"PERENNIAL","FORB","FORB",776,14.6316189105253,0.589133247870662,5.26570452078549,10.3525835337623,0.312042250633228,0.339814062158219,36.3999240057635,0.21603206274976,0.480283869252172,14.59,0.598,5.2,10.23214847,0.3048,0.34,35.33592984,0.215521046,0.482373411
"205","cedartrait.us","SOLIDAGO RIGIDA",-7.66666667,14.59,0.598,5.2,10.23214847,0.3048,0.34,35.33592984,0.215521046,0.482373411,"PERENNIAL","FORB","FORB",777,14.6235512184361,0.589278297841175,5.25357232231007,10.3988622623083,0.310936040908199,0.339673284946787,36.1223588841885,0.216398748669239,0.480220336525718,14.59,0.598,5.2,10.23214847,0.3048,0.34,35.33592984,0.215521046,0.482373411
"206","purdue.us","SOLIDAGO SPECIOSA",3,18.11833333,NA,8.9032965,8.834,NA,0.38,57,0.19,NA,"PERENNIAL","FORB","FORB",778,17.2735588746883,0.558268093004805,8.48427974568843,9.20950015198073,0.330087184229717,0.371870789426307,54.1516849534,0.183546070009168,0.368610432478141,18.11833333,0.558268093004805,8.9032965,8.834,0.330087184229717,0.38,57,0.19,0.368610432478141
"207","kernb.ca","SONCHUS ARVENSIS",0.916666667,16.29,0.186333333,NA,21,0.56,NA,40.21512983,0.219369331,0.433333333,"PERENNIAL","FORB","FORB",779,16.2809213811317,0.189859426114618,8.10081053347009,21.0476126262827,0.558709886199173,0.204192766742587,41.2009805100217,0.22370817844137,0.432755847781937,16.29,0.186333333,8.10081053347009,21,0.56,0.204192766742587,40.21512983,0.219369331,0.433333333
"208","kernnu.ca","SONCHUS ARVENSIS",-7.666666666,16.29,0.186333333,NA,21,0.56,NA,40.21512983,0.219369331,0.433333333,"PERENNIAL","FORB","FORB",780,16.253044459196,0.191352183723088,8.09300965678694,20.9897695908338,0.559660502227558,0.205036186692998,41.15595095866,0.223205045549257,0.432600582279086,16.29,0.186333333,8.09300965678694,21,0.56,0.205036186692998,40.21512983,0.219369331,0.433333333
"209","esw.ca","SONCHUS ARVENSIS",0,16.29,0.186333333,NA,21,0.56,NA,40.21512983,0.219369331,0.433333333,"PERENNIAL","FORB","FORB",781,16.1654270055636,0.189636879667399,8.08872096360398,20.9860770649047,0.560486505315939,0.204561524428135,41.606524027961,0.222661154388123,0.433039788362173,16.29,0.186333333,8.08872096360398,21,0.56,0.204561524428135,40.21512983,0.219369331,0.433333333
"210","brookdale.ca","SONCHUS ARVENSIS",0.4,16.29,0.186333333,NA,21,0.56,NA,40.21512983,0.219369331,0.433333333,"PERENNIAL","FORB","FORB",782,16.1892600214275,0.189384268146269,8.08486779227713,21.0031319321378,0.559548945678995,0.204125136489232,41.6987333081046,0.222528769860188,0.433431025895702,16.29,0.186333333,8.08486779227713,21,0.56,0.204125136489232,40.21512983,0.219369331,0.433333333
"211","cdpt_drt.us","SPHAERALCEA COCCINEA",0.666666667,28.09,0.075,8.966666667,12.61454363,0.1524,0.3163,15.44302838,0.312666667,NA,"PERENNIAL","FORB","FORB",793,27.9972784750451,0.0762200890118294,8.88027164417074,12.726533940726,0.173365635040369,0.311796970742889,14.5697913081582,0.325633878036055,0.366566297841781,28.09,0.075,8.966666667,12.61454363,0.1524,0.3163,15.44302838,0.312666667,0.366566297841781
"212","nplatte.us","SPHAERALCEA COCCINEA",-2,28.09,0.075,8.966666667,12.61454363,0.1524,0.3163,15.44302838,0.312666667,NA,"PERENNIAL","FORB","FORB",794,27.9677206528446,0.0765622638706225,8.86962233195673,12.6938884842939,0.168394116065841,0.311820397476776,14.4499664140395,0.325878053605127,0.364647580224931,28.09,0.075,8.966666667,12.61454363,0.1524,0.3163,15.44302838,0.312666667,0.364647580224931
"213","sevblue.us","SPHAERALCEA HASTULATA",-2.5,NA,NA,NA,14.04606421,2.5,NA,NA,NA,NA,"PERENNIAL","FORB","FORB",795,26.2583991673488,0.114117909397029,9.00714465946298,12.935860520367,0.563710113764486,0.317724694729954,15.1145168621891,0.307795216126197,0.405948364270052,26.2583991673488,0.114117909397029,9.00714465946298,14.04606421,2.5,0.317724694729954,15.1145168621891,0.307795216126197,0.405948364270052
"214","elvadrt.ee","STELLARIA GRAMINEA",-0.5,28.561766,0.4416,NA,30.84892921,0.34,0.135266667,251.0337458,0.337078652,0.461407166,"PERENNIAL","FORB","FORB",799,28.470034576955,0.420972825624711,16.7472468058989,29.7215410834862,0.339365391175518,0.136175716806252,248.957239351942,0.315848106558497,0.43931434333749,28.561766,0.4416,16.7472468058989,30.84892921,0.34,0.135266667,251.0337458,0.337078652,0.461407166
"215","teshio.jp","STELLARIA GRAMINEA",0.833333333,28.561766,0.4416,NA,30.84892921,0.34,0.135266667,251.0337458,0.337078652,0.461407166,"PERENNIAL","FORB","FORB",800,28.5218152480796,0.421308297149891,16.7197599851199,29.8619594820621,0.339293988143659,0.135855209428081,246.710231654542,0.31588238674681,0.441338472797229,28.561766,0.4416,16.7197599851199,30.84892921,0.34,0.135266667,251.0337458,0.337078652,0.461407166
"216","brookdale.ca","SYMPHORICARPOS OCCIDENTALIS",4.5,16.7,0.549285714,6.3,10.49876226,0.4572,0.302883333,8.049888555,0.337326723,NA,"PERENNIAL","SHRUB","FORB",812,16.113488096707,0.663850590663598,6.50651087951911,11.9902731936507,0.46083964878669,0.309275102883693,9.55627741455847,0.403408561068044,0.436725180099079,16.7,0.549285714,6.3,10.49876226,0.4572,0.302883333,8.049888555,0.337326723,0.436725180099079
"217","kernb.ca","SYMPHYOTRICHUM ERICOIDES",-1.5,12.6,0.415652174,11.01821,21.0716,0.76,0.3263,73.83666667,0.151923077,NA,"PERENNIAL","FORB","FORB",813,12.6647930579783,0.415681398219606,10.9901720791491,20.9644364337199,0.748775134196177,0.327702989148086,74.1527042142573,0.152330706163171,0.331026023737966,12.6,0.415652174,11.01821,21.0716,0.76,0.3263,73.83666667,0.151923077,0.331026023737966
"218","matador.ca","SYMPHYOTRICHUM ERICOIDES",0,12.6,0.415652174,11.01821,21.0716,0.76,0.3263,73.83666667,0.151923077,NA,"PERENNIAL","FORB","FORB",814,12.7315140762614,0.415471795382798,10.9934630288977,20.9759829186341,0.753649030821218,0.327651140140721,74.0637429131731,0.15240831672373,0.331381266696343,12.6,0.415652174,11.01821,21.0716,0.76,0.3263,73.83666667,0.151923077,0.331381266696343
"219","mattheis.ca","SYMPHYOTRICHUM ERICOIDES",-15.5,12.6,0.415652174,11.01821,21.0716,0.76,0.3263,73.83666667,0.151923077,NA,"PERENNIAL","FORB","FORB",815,12.7380570229214,0.41497233575806,10.9884053609257,20.9399752630168,0.751383554728313,0.327694782283872,74.2070577775554,0.152260846384621,0.331856480973644,12.6,0.415652174,11.01821,21.0716,0.76,0.3263,73.83666667,0.151923077,0.331856480973644
"220","konzadrt.us","SYMPHYOTRICHUM ERICOIDES",11.8,12.6,0.415652174,11.01821,21.0716,0.76,0.3263,73.83666667,0.151923077,NA,"PERENNIAL","FORB","FORB",816,12.7064291373318,0.41541275970133,10.9980105141688,20.9605207270693,0.74764818460233,0.327673893011472,74.0540115171991,0.152377885145065,0.331391242085202,12.6,0.415652174,11.01821,21.0716,0.76,0.3263,73.83666667,0.151923077,0.331391242085202
"221","brookdale.ca","SYMPHYOTRICHUM ERICOIDES",-2.75,12.6,0.415652174,11.01821,21.0716,0.76,0.3263,73.83666667,0.151923077,NA,"PERENNIAL","FORB","FORB",817,12.6620076260502,0.415428557160187,11.0003810759549,20.930857988215,0.750456277427357,0.328138620738836,74.2338361751339,0.152127826828577,0.331563758793296,12.6,0.415652174,11.01821,21.0716,0.76,0.3263,73.83666667,0.151923077,0.331563758793296
"222","hard.us","SYMPHYOTRICHUM ERICOIDES",7.333333333,12.6,0.415652174,11.01821,21.0716,0.76,0.3263,73.83666667,0.151923077,NA,"PERENNIAL","FORB","FORB",818,12.7684640936225,0.415367033601459,10.9880597318853,20.9050964520453,0.752791209230976,0.327333138412887,74.1850802646229,0.152156887400787,0.331319321004293,12.6,0.415652174,11.01821,21.0716,0.76,0.3263,73.83666667,0.151923077,0.331319321004293
"223","esw.ca","SYMPHYOTRICHUM LANCEOLATUM",2.5,11.82,1.8288,NA,14.79014473,0.2032,NA,NA,0.15,NA,"PERENNIAL","FORB","FORB",819,13.1703814813431,1.25134660050757,11.7029171410882,15.1295567133872,0.245196372042914,0.346791989747683,79.5921871390335,0.149326743995272,0.267291259340521,11.82,1.8288,11.7029171410882,14.79014473,0.2032,0.346791989747683,79.5921871390335,0.15,0.267291259340521
"224","esw.ca","SYMPHYOTRICHUM NOVAE-ANGLIAE",6.5,24.33975,1.022302632,NA,22.95791262,NA,0.46,52,0.12,0.23,"PERENNIAL","FORB","FORB",820,23.9436500533953,0.985688328552811,11.0621953525457,22.7434223236189,0.518737903311579,0.456146896421503,53.0248412465866,0.121159838957327,0.232288200507802,24.33975,1.022302632,11.0621953525457,22.95791262,0.518737903311579,0.46,52,0.12,0.23
"225","purdue.us","SYMPHYOTRICHUM NOVAE-ANGLIAE",4.05952382,24.33975,1.022302632,NA,22.95791262,NA,0.46,52,0.12,0.23,"PERENNIAL","FORB","FORB",821,23.8853755018466,1.00090246079004,11.0324915521078,22.7387051353246,0.517454531020618,0.455497765292251,53.1667427840452,0.121673921473263,0.231111875874758,24.33975,1.022302632,11.0324915521078,22.95791262,0.517454531020618,0.46,52,0.12,0.23
"226","cedarsav.us","SYMPHYOTRICHUM OOLENTANGIENSE",-3.066666667,16.02907407,0.493,19.81443763,14.68950044,NA,0.35,81.16666667,0.12,0.4255,"PERENNIAL","FORB","FORB",822,15.9776607481426,0.503753303087829,18.1529916087475,15.3399599463704,0.644271658748922,0.346706334346339,83.0115523977685,0.122833352883532,0.392247514541939,16.02907407,0.493,19.81443763,14.68950044,0.644271658748922,0.35,81.16666667,0.12,0.4255
"227","purdue.us","SYMPHYOTRICHUM PILOSUM",2.25,23.9,0.861666667,NA,18.27837298,NA,NA,NA,NA,NA,"PERENNIAL","FORB","FORB",823,20.4973790419288,0.75543895650776,11.9367495178544,18.8959219585945,0.55431851590373,0.348088476715561,72.9552471608526,0.143784280601339,0.295211297975824,23.9,0.861666667,11.9367495178544,18.27837298,0.55431851590373,0.348088476715561,72.9552471608526,0.143784280601339,0.295211297975824
"228","kiskun.hu","SYRENIA CANA",-0.03,NA,NA,NA,11.169,NA,NA,NA,NA,NA,"PERENNIAL","FORB","FORB",824,28.8274314891886,0.521670443541385,13.5645187170321,11.2011352694668,1.15896656910366,0.300738863678787,116.951051451333,0.116760613406531,0.515451161716324,28.8274314891886,0.521670443541385,13.5645187170321,11.169,1.15896656910366,0.300738863678787,116.951051451333,0.116760613406531,0.515451161716324
"229","cedartrait.us","TARAXACUM CAMPYLODES",4.916666667,28.3472693,0.044,10.73618,30.37717515,0.1524,0.292,213.1,0.253916667,0.339040609,"PERENNIAL","FORB","FORB",825,26.9430462828141,0.0492353399064306,10.5254464624802,29.8819759778935,0.159080978777641,0.296588710500793,201.497072983416,0.229878875042885,0.354101462160058,28.3472693,0.044,10.73618,30.37717515,0.1524,0.292,213.1,0.253916667,0.339040609
"230","brookdale.ca","THALICTRUM VENULOSUM",-0.916666667,29.5,0.178666667,17.73333333,18.1239633,NA,NA,NA,NA,NA,"PERENNIAL","FORB","FORB",830,26.7092890142626,0.198429525608633,16.44770573638,18.7538961740173,0.321794774608873,0.336452222831791,66.8005888344517,0.252193043495255,0.515643107235208,29.5,0.178666667,17.73333333,18.1239633,0.321794774608873,0.336452222831791,66.8005888344517,0.252193043495255,0.515643107235208
"231","jilpanger.au","THYSANOTUS PATERSONII",0.5,NA,0.475,NA,NA,NA,NA,NA,NA,NA,"PERENNIAL","FORB","FORB",841,33.9905251166186,0.473869635475246,8.57080781351499,7.75979263878168,0.211372125023934,0.210002006741395,31.8273597550983,0.413855187540873,0.262967791961871,33.9905251166186,0.475,8.57080781351499,7.75979263878168,0.211372125023934,0.210002006741395,31.8273597550983,0.413855187540873,0.262967791961871
"232","jilpanger.au","THYSANOTUS TUBEROSUS",0.5,NA,0.4,NA,4.460783856,NA,NA,NA,NA,NA,"PERENNIAL","FORB","FORB",842,33.6294267008986,0.434386663147675,8.51939104767941,7.38428193267184,0.211668460527596,0.211448965969122,30.7296784433001,0.421593302493843,0.263707922579065,33.6294267008986,0.4,8.51939104767941,4.460783856,0.211668460527596,0.211448965969122,30.7296784433001,0.421593302493843,0.263707922579065
"233","mattheis.ca","TRAGOPOGON DUBIUS",-2.8,30.29,0.1925,6.75,19.99,0.1524,0.6475,58.4594469,0.226936116,0.490096133,"PERENNIAL","FORB","FORB",845,30.1031259713872,0.193367637404494,6.84445764954906,20.0134461398374,0.155085424783839,0.637938421625081,58.3590270572913,0.225704967124303,0.486359892281177,30.29,0.1925,6.75,19.99,0.1524,0.6475,58.4594469,0.226936116,0.490096133
"234","baddrt.de","TRAGOPOGON PRATENSIS",-0.5,28.15843561,0.575,20.30344663,22.41578318,NA,0.287861111,150.3177187,0.170824899,0.606290205,"PERENNIAL","FORB","FORB",848,28.4265592072314,0.509879003216661,17.3307832481487,22.2675159530509,0.205476767807371,0.298301342045313,144.855417547916,0.173576546830235,0.591613454877906,28.15843561,0.575,20.30344663,22.41578318,0.205476767807371,0.287861111,150.3177187,0.170824899,0.606290205
"235","lygraold.no","TRIENTALIS EUROPEA",0,16.70506154,0.147,NA,45.25334092,NA,NA,NA,NA,NA,"PERENNIAL","FORB","FORB",851,20.2320448114996,0.104516230135441,13.2604945050441,31.6476455848015,0.192982758541298,0.347146282977003,138.269495974483,0.392135210142798,0.317282072917279,16.70506154,0.147,13.2604945050441,45.25334092,0.192982758541298,0.347146282977003,138.269495974483,0.392135210142798,0.317282072917279
"236","elvadrt.ee","VERONICA CHAMAEDRYS",0.5,25.804,0.234,10.00287923,30.84289646,0.34,0.149373333,349.9700698,0.114461321,0.51690363,"PERENNIAL","FORB","FORB",878,25.8625186917716,0.232848069139357,10.131066310327,30.5696827776871,0.332868635257962,0.150751264968016,341.282266228104,0.114766737638444,0.50849383467235,25.804,0.234,10.00287923,30.84289646,0.34,0.149373333,349.9700698,0.114461321,0.51690363
"237","rhijn.nl","VERONICA CHAMAEDRYS",-5.000000003,25.804,0.234,10.00287923,30.84289646,0.34,0.149373333,349.9700698,0.114461321,0.51690363,"PERENNIAL","FORB","FORB",879,25.8900428620344,0.233913992502309,10.1371818471214,30.4742510251634,0.331455413885602,0.15031977171114,339.859329402919,0.114894850517815,0.510011052304305,25.804,0.234,10.00287923,30.84289646,0.34,0.149373333,349.9700698,0.114461321,0.51690363
"238","brookdale.ca","VIOLA ADUNCA",0,15.95,0.103714286,20.16666667,19.05234126,NA,0.30847,37.29669563,0.357352941,NA,"PERENNIAL","FORB","FORB",890,16.2431894988207,0.110404642049883,15.1240537497515,19.3369047357445,0.296056736521291,0.300785426757071,55.6186808217689,0.387708295036344,0.460479979433176,15.95,0.103714286,20.16666667,19.05234126,0.296056736521291,0.30847,37.29669563,0.357352941,0.460479979433176
"239","falls.au","VIOLA BETONICIFOLIA",0,15.53263636,0.2,NA,17.08110767,NA,NA,NA,NA,NA,"PERENNIAL","FORB","FORB",891,16.1315106721257,0.180954758347237,14.2319855873063,18.1592345287427,0.311469106920833,0.300464082980809,59.375856646196,0.369292618793339,0.439649601282281,15.53263636,0.2,14.2319855873063,17.08110767,0.311469106920833,0.300464082980809,59.375856646196,0.369292618793339,0.439649601282281
"240","cedarsav.us","VIOLA PEDATIFIDA",0.8,21.03,0.159444444,NA,22.33003057,NA,NA,NA,NA,NA,"PERENNIAL","FORB","FORB",892,19.649899790854,0.156696137846164,14.5526366150968,21.4412316246398,0.292899801499386,0.297553858385605,62.7896930747972,0.353794585395542,0.440203005057429,21.03,0.159444444,14.5526366150968,22.33003057,0.292899801499386,0.297553858385605,62.7896930747972,0.353794585395542,0.440203005057429
"241","jilpanger.au","WAHLENBERGIA STRICTA",0,NA,0.425,NA,29.44849992,NA,NA,NA,NA,NA,"PERENNIAL","FORB","FORB",905,24.5162372233703,0.307976438013042,10.5205428295546,28.1750399065981,1.10973008512554,0.18728044212083,14.3814529957973,0.167765954127292,0.634985323682544,24.5162372233703,0.425,10.5205428295546,29.44849992,1.10973008512554,0.18728044212083,14.3814529957973,0.167765954127292,0.634985323682544
"242","brookdale.ca","ZIZIA APTERA",-1,16.074,0.617,NA,40.37573969,NA,0.311,18.46915123,0.13068575,NA,"PERENNIAL","FORB","FORB",907,17.1996418186572,0.532521358579452,6.08122725324268,35.4994119606614,1.24587360077225,0.329722880034524,26.7180804696403,0.144847013193524,0.391973863995374,16.074,0.617,6.08122725324268,40.37573969,1.24587360077225,0.311,18.46915123,0.13068575,0.391973863995374
