"","site_code","Taxon","cover.change","leafN.mg.g","height.m","rootN.mg.g","SLA_m2.kg","root.depth_m","rootDiam.mm","SRL.groot.cahill.merge","RTD.groot.cahill.merge","RMF.g.g","local_lifespan","local_lifeform","functional_group"
"4","matador.ca","ACHILLEA MILLEFOLIUM",0.75,16.44,0.1575,8.489473684,30.38,0.2032,0.738525,116.0295267,0.210703923,0.553384646,"PERENNIAL","FORB","FORB"
"5","oreac.us","ACHILLEA MILLEFOLIUM",3.333333332,16.44,0.1575,8.489473684,30.38,0.2032,0.738525,116.0295267,0.210703923,0.553384646,"PERENNIAL","FORB","FORB"
"6","cedartrait.us","ACHILLEA MILLEFOLIUM",2.5,16.44,0.1575,8.489473684,30.38,0.2032,0.738525,116.0295267,0.210703923,0.553384646,"PERENNIAL","FORB","FORB"
"7","allmendo.ch","ACHILLEA MILLEFOLIUM",-1.125,16.44,0.1575,8.489473684,30.38,0.2032,0.738525,116.0295267,0.210703923,0.553384646,"PERENNIAL","FORB","FORB"
"8","allmendb.ch","ACHILLEA MILLEFOLIUM",-1.125,16.44,0.1575,8.489473684,30.38,0.2032,0.738525,116.0295267,0.210703923,0.553384646,"PERENNIAL","FORB","FORB"
"9","kernb.ca","ACHILLEA MILLEFOLIUM",0.333333334,16.44,0.1575,8.489473684,30.38,0.2032,0.738525,116.0295267,0.210703923,0.553384646,"PERENNIAL","FORB","FORB"
"10","elvadrt.ee","ACHILLEA MILLEFOLIUM",6,16.44,0.1575,8.489473684,30.38,0.2032,0.738525,116.0295267,0.210703923,0.553384646,"PERENNIAL","FORB","FORB"
"11","brookdale.ca","ACHILLEA MILLEFOLIUM",0.5,16.44,0.1575,8.489473684,30.38,0.2032,0.738525,116.0295267,0.210703923,0.553384646,"PERENNIAL","FORB","FORB"
"12","hard.us","ACHILLEA MILLEFOLIUM",-5.25,16.44,0.1575,8.489473684,30.38,0.2032,0.738525,116.0295267,0.210703923,0.553384646,"PERENNIAL","FORB","FORB"
"13","cmss.us","ACHILLEA MILLEFOLIUM",-22,16.44,0.1575,8.489473684,30.38,0.2032,0.738525,116.0295267,0.210703923,0.553384646,"PERENNIAL","FORB","FORB"
"27","lygraint.no","AGROSTIS CAPILLARIS",1,27.65006595,0.393022873,8.907142857,44.73267142,0.3048,0.128571429,141.2639378,0.153459029,0.425077037,"PERENNIAL","GRASS","GRASS"
"35","cedartrait.us","AGROSTIS STOLONIFERA",2.666666667,31.5111841,0.385,4.9,16.89577067,0.3048,0.1,11.32952711,0.239,0.363783369,"PERENNIAL","GRASS","GRASS"
"36","elvadrt.ee","AGROSTIS STOLONIFERA",0,31.5111841,0.385,4.9,16.89577067,0.3048,0.1,11.32952711,0.239,0.363783369,"PERENNIAL","GRASS","GRASS"
"51","cedartrait.us","AMORPHA CANESCENS",0.666666667,21.77,0.446,27.18327333,13.80561828,0.508,0.194,6.160976759,0.585778,0.340163729,"PERENNIAL","FORB","LEGUME"
"52","cedarsav.us","AMORPHA CANESCENS",4.583333334,21.77,0.446,27.18327333,13.80561828,0.508,0.194,6.160976759,0.585778,0.340163729,"PERENNIAL","FORB","LEGUME"
"57","cedartrait.us","ANDROPOGON GERARDII",-2.6,15.9,0.125,14.4,35.4,0.508,0.704,60.09709758,0.27992125,0.467881279,"PERENNIAL","GRASS","GRASS"
"58","brookdale.ca","ANDROPOGON GERARDII",10.56944444,15.9,0.125,14.4,35.4,0.508,0.704,60.09709758,0.27992125,0.467881279,"PERENNIAL","GRASS","GRASS"
"59","cedarsav.us","ANDROPOGON GERARDII",-10.42619047,15.9,0.125,14.4,35.4,0.508,0.704,60.09709758,0.27992125,0.467881279,"PERENNIAL","GRASS","GRASS"
"60","purdue.us","ANDROPOGON GERARDII",7.91666667,15.9,0.125,14.4,35.4,0.508,0.704,60.09709758,0.27992125,0.467881279,"PERENNIAL","GRASS","GRASS"
"61","konzadrt.us","ANDROPOGON GERARDII",5.8,15.9,0.125,14.4,35.4,0.508,0.704,60.09709758,0.27992125,0.467881279,"PERENNIAL","GRASS","GRASS"
"66","lygraint.no","ANTHOXANTHUM ODORATUM",-1,20.45846429,0.775214286,8.005555556,29.66344918,0.155,0.111111111,344.3025853,0.114313918,0.534301054,"PERENNIAL","GRASS","GRASS"
"67","rhijn.nl","ANTHOXANTHUM ODORATUM",-8.75,20.45846429,0.775214286,8.005555556,29.66344918,0.155,0.111111111,344.3025853,0.114313918,0.534301054,"PERENNIAL","GRASS","GRASS"
"68","cowidrt.ca","ANTHOXANTHUM ODORATUM",1.366666667,20.45846429,0.775214286,8.005555556,29.66344918,0.155,0.111111111,344.3025853,0.114313918,0.534301054,"PERENNIAL","GRASS","GRASS"
"69","elvadrt.ee","ANTHOXANTHUM ODORATUM",-5.833333333,20.45846429,0.775214286,8.005555556,29.66344918,0.155,0.111111111,344.3025853,0.114313918,0.534301054,"PERENNIAL","GRASS","GRASS"
"70","teshio.jp","ANTHOXANTHUM ODORATUM",-2.01666667,20.45846429,0.775214286,8.005555556,29.66344918,0.155,0.111111111,344.3025853,0.114313918,0.534301054,"PERENNIAL","GRASS","GRASS"
"71","allmendo.ch","ANTHYLLIS VULNERARIA",-0.541666667,32.33118574,0.2845,19.6042,18.11730025,1.7,0.144333333,149.3012403,0.0549,0.332563131,"PERENNIAL","FORB","LEGUME"
"74","kiskun.hu","ARENARIA SERPYLLIFOLIA",0.505,17.48,0.075,13.275,23.7,0.21,0.207422972,627.505,0.067,0.183673469,"ANNUAL","FORB","FORB"
"78","jrnchi.us","ARISTIDA PURPUREA",1.0691693,14.9,0.086,6.528089643,35.63,1.315133333,0.7061,26.65175783,0.327164,0.366204139,"PERENNIAL","GRASS","GRASS"
"79","cdpt_drt.us","ARISTIDA PURPUREA",-6.666666667,14.9,0.086,6.528089643,35.63,1.315133333,0.7061,26.65175783,0.327164,0.366204139,"PERENNIAL","GRASS","GRASS"
"82","rhijn.nl","ARRHENATHERUM ELATIUS",17.16666666,25.84,0.4715,8.902914385,29.67,0.3556,0.3197,190.1954961,0.153268837,0.590536924,"PERENNIAL","GRASS","GRASS"
"84","konzadrt.us","ARTEMISIA LUDOVICIANA",-1,19.24454545,0.146666667,11.625,27.64,0.2032,0.679725,11.98698158,0.20378902,0.24225099,"PERENNIAL","FORB","FORB"
"85","kernnu.ca","ARTEMISIA LUDOVICIANA",1.25,19.24454545,0.146666667,11.625,27.64,0.2032,0.679725,11.98698158,0.20378902,0.24225099,"PERENNIAL","FORB","FORB"
"86","cedarsav.us","ARTEMISIA LUDOVICIANA",-1.4,19.24454545,0.146666667,11.625,27.64,0.2032,0.679725,11.98698158,0.20378902,0.24225099,"PERENNIAL","FORB","FORB"
"87","brookdale.ca","ARTEMISIA LUDOVICIANA",3.533333333,19.24454545,0.146666667,11.625,27.64,0.2032,0.679725,11.98698158,0.20378902,0.24225099,"PERENNIAL","FORB","FORB"
"88","kernb.ca","ARTEMISIA LUDOVICIANA",-9.5,19.24454545,0.146666667,11.625,27.64,0.2032,0.679725,11.98698158,0.20378902,0.24225099,"PERENNIAL","FORB","FORB"
"90","cedartrait.us","ASCLEPIAS TUBEROSA",-2,26.19666667,0.4575,19.260113,25.51287911,0.4064,0.5,36.66666667,0.22,0.53,"PERENNIAL","FORB","FORB"
"116","cedartrait.us","BOUTELOUA CURTIPENDULA",0,16.6,0.2475,13.6452491,36.44,0.3048,0.597475,108.473243,0.311237007,0.388111111,"PERENNIAL","GRASS","GRASS"
"117","konzadrt.us","BOUTELOUA CURTIPENDULA",-2,16.6,0.2475,13.6452491,36.44,0.3048,0.597475,108.473243,0.311237007,0.388111111,"PERENNIAL","GRASS","GRASS"
"118","cedartrait.us","BOUTELOUA GRACILIS",8.5,16.1,0.136666667,5.7625,33.85,0.135,0.5731,25.86916574,0.426463814,0.33053001,"PERENNIAL","GRASS","GRASS"
"119","cdpt_drt.us","BOUTELOUA GRACILIS",-1.16666667,16.1,0.136666667,5.7625,33.85,0.135,0.5731,25.86916574,0.426463814,0.33053001,"PERENNIAL","GRASS","GRASS"
"120","mattheis.ca","BOUTELOUA GRACILIS",-1.6,16.1,0.136666667,5.7625,33.85,0.135,0.5731,25.86916574,0.426463814,0.33053001,"PERENNIAL","GRASS","GRASS"
"121","nplatte.us","BOUTELOUA GRACILIS",24.72857143,16.1,0.136666667,5.7625,33.85,0.135,0.5731,25.86916574,0.426463814,0.33053001,"PERENNIAL","GRASS","GRASS"
"124","allmendo.ch","BRACHYPODIUM PINNATUM",2.916666667,18.10766667,0.540866667,7.10106212,23.44096448,0.1,0.22129993,207.6695041,0.29,0.45742541,"PERENNIAL","GRASS","GRASS"
"125","allmendb.ch","BRACHYPODIUM PINNATUM",-3.33333333,18.10766667,0.540866667,7.10106212,23.44096448,0.1,0.22129993,207.6695041,0.29,0.45742541,"PERENNIAL","GRASS","GRASS"
"129","allmendo.ch","BRIZA MEDIA",-0.416666666,19.10016667,0.41946,2.042559524,21.30606114,0.52,0.171363333,288.6987236,0.179667951,0.470096477,"PERENNIAL","GRASS","GRASS"
"130","allmendb.ch","BRIZA MEDIA",-0.833333334,19.10016667,0.41946,2.042559524,21.30606114,0.52,0.171363333,288.6987236,0.179667951,0.470096477,"PERENNIAL","GRASS","GRASS"
"131","elvadrt.ee","BRIZA MEDIA",1e-08,19.10016667,0.41946,2.042559524,21.30606114,0.52,0.171363333,288.6987236,0.179667951,0.470096477,"PERENNIAL","GRASS","GRASS"
"133","cowidrt.ca","BROMUS CARINATUS",0,25.72839682,0.176,5.14,21.99023979,0.2032,0.315,96.20199367,0.135077867,0.454425295,"PERENNIAL","GRASS","GRASS"
"134","marcdrt.ar","BROMUS CATHARTICUS",13.91666666,39.6088,0.9572,4.9,35,0.3048,0.30525,129.3385704,0.113,0.28,"ANNUAL","GRASS","GRASS"
"135","naposta.ar","BROMUS CATHARTICUS",-18.33333334,39.6088,0.9572,4.9,35,0.3048,0.30525,129.3385704,0.113,0.28,"ANNUAL","GRASS","GRASS"
"138","allmendo.ch","BROMUS ERECTUS",-6.41666666,18.81892435,0.717333333,7.243150315,20.26018543,0.894,0.273789089,157.1212818,0.160875,0.478609045,"PERENNIAL","GRASS","GRASS"
"139","allmendb.ch","BROMUS ERECTUS",-3.41666667,18.81892435,0.717333333,7.243150315,20.26018543,0.894,0.273789089,157.1212818,0.160875,0.478609045,"PERENNIAL","GRASS","GRASS"
"140","baddrt.de","BROMUS HORDEACEUS",-1.09,25.57289667,0.6899,10.2,27.4569232,0.254,0.2,471.2364007,0.137083333,0.391482632,"ANNUAL","GRASS","GRASS"
"141","scruzh.us","BROMUS HORDEACEUS",-1.27374145,25.57289667,0.6899,10.2,27.4569232,0.254,0.2,471.2364007,0.137083333,0.391482632,"ANNUAL","GRASS","GRASS"
"142","scruzl.us","BROMUS HORDEACEUS",-1.0204082,25.57289667,0.6899,10.2,27.4569232,0.254,0.2,471.2364007,0.137083333,0.391482632,"ANNUAL","GRASS","GRASS"
"143","brookdale.ca","BROMUS INERMIS",-1.033333333,23.12,0.15,6.56875,46.32,0.3048,0.6827,28.58549426,0.324438565,0.559941695,"PERENNIAL","GRASS","GRASS"
"153","nnss.us","BROMUS TECTORUM",-3.683842713,24.529,0.2175,7.4375,44.63,0.90288,0.5728,57.42164697,0.471744504,0.425,"ANNUAL","GRASS","GRASS"
"154","nplatte.us","BROMUS TECTORUM",-19.32380952,24.529,0.2175,7.4375,44.63,0.90288,0.5728,57.42164697,0.471744504,0.425,"ANNUAL","GRASS","GRASS"
"155","hard.us","BROMUS TECTORUM",3,24.529,0.2175,7.4375,44.63,0.90288,0.5728,57.42164697,0.471744504,0.425,"ANNUAL","GRASS","GRASS"
"167","kernnu.ca","CAMPANULA ROTUNDIFOLIA",0,21.08333333,0.452,10.4,18.59949234,1.105,0.141566667,9.643369802,0.169907407,0.776835528,"PERENNIAL","FORB","FORB"
"187","allmendo.ch","CAREX FLACCA",-3.25,17.07498081,0.37125,4.956666667,14.32237516,0.83,0.380313725,218.7926062,0.155758253,0.585603591,"PERENNIAL","GRAMINOID","GRAMINOID"
"188","allmendb.ch","CAREX FLACCA",0.125,17.07498081,0.37125,4.956666667,14.32237516,0.83,0.380313725,218.7926062,0.155758253,0.585603591,"PERENNIAL","GRAMINOID","GRAMINOID"
"203","allmendo.ch","CENTAUREA JACEA",1.666666667,25.06160617,0.8275,11.34202,23.24878232,0.155,0.328737037,116.6184597,0.133545753,0.480420665,"PERENNIAL","FORB","FORB"
"204","allmendb.ch","CENTAUREA JACEA",-0.416666666,25.06160617,0.8275,11.34202,23.24878232,0.155,0.328737037,116.6184597,0.133545753,0.480420665,"PERENNIAL","FORB","FORB"
"205","rhijn.nl","CENTAUREA JACEA",-24.5,25.06160617,0.8275,11.34202,23.24878232,0.155,0.328737037,116.6184597,0.133545753,0.480420665,"PERENNIAL","FORB","FORB"
"217","matador.ca","CERASTIUM ARVENSE",-1,31.27074148,0.1244,12.13333333,16.77322585,0.22,0.188766667,44.40181564,0.486326636,0.1737,"PERENNIAL","FORB","FORB"
"218","kernnu.ca","CERASTIUM ARVENSE",-0.25,31.27074148,0.1244,12.13333333,16.77322585,0.22,0.188766667,44.40181564,0.486326636,0.1737,"PERENNIAL","FORB","FORB"
"219","kernb.ca","CERASTIUM ARVENSE",0.25,31.27074148,0.1244,12.13333333,16.77322585,0.22,0.188766667,44.40181564,0.486326636,0.1737,"PERENNIAL","FORB","FORB"
"220","elvadrt.ee","CERASTIUM ARVENSE",0,31.27074148,0.1244,12.13333333,16.77322585,0.22,0.188766667,44.40181564,0.486326636,0.1737,"PERENNIAL","FORB","FORB"
"221","paike.ar","CERASTIUM ARVENSE",0,31.27074148,0.1244,12.13333333,16.77322585,0.22,0.188766667,44.40181564,0.486326636,0.1737,"PERENNIAL","FORB","FORB"
"222","cowidrt.ca","CERASTIUM ARVENSE",-0.5,31.27074148,0.1244,12.13333333,16.77322585,0.22,0.188766667,44.40181564,0.486326636,0.1737,"PERENNIAL","FORB","FORB"
"223","brookdale.ca","CERASTIUM ARVENSE",-5,31.27074148,0.1244,12.13333333,16.77322585,0.22,0.188766667,44.40181564,0.486326636,0.1737,"PERENNIAL","FORB","FORB"
"224","cmss.us","CERASTIUM ARVENSE",3,31.27074148,0.1244,12.13333333,16.77322585,0.22,0.188766667,44.40181564,0.486326636,0.1737,"PERENNIAL","FORB","FORB"
"235","cdpt_drt.us","CHENOPODIUM ALBUM",0,27.125,0.3325,8.8,15.34103501,1.125,0.230308403,52.97317748,0.330451196,0.205678834,"ANNUAL","FORB","FORB"
"250","kernnu.ca","CIRSIUM ARVENSE",-3.083333334,29.75611991,0.15,8.15,21.12,1.4125,0.70945,119.9058435,0.244438578,0.294068165,"PERENNIAL","FORB","FORB"
"251","kernb.ca","CIRSIUM ARVENSE",-3.25,29.75611991,0.15,8.15,21.12,1.4125,0.70945,119.9058435,0.244438578,0.294068165,"PERENNIAL","FORB","FORB"
"252","baddrt.de","CIRSIUM ARVENSE",-2.077777778,29.75611991,0.15,8.15,21.12,1.4125,0.70945,119.9058435,0.244438578,0.294068165,"PERENNIAL","FORB","FORB"
"253","brookdale.ca","CIRSIUM ARVENSE",0.400000003,29.75611991,0.15,8.15,21.12,1.4125,0.70945,119.9058435,0.244438578,0.294068165,"PERENNIAL","FORB","FORB"
"254","esw.ca","CIRSIUM ARVENSE",0.5,29.75611991,0.15,8.15,21.12,1.4125,0.70945,119.9058435,0.244438578,0.294068165,"PERENNIAL","FORB","FORB"
"275","allmendb.ch","CREPIS BIENNIS",-1.5,18.28,0.2,10.22761651,19.04,0.99,0.425214286,154.7062535,0.113427835,0.637934928,"PERENNIAL","FORB","FORB"
"276","baddrt.de","CREPIS BIENNIS",-9.657142857,18.28,0.2,10.22761651,19.04,0.99,0.425214286,154.7062535,0.113427835,0.637934928,"BIENNIAL","FORB","FORB"
"295","rhijn.nl","CYNOSURUS CRISTATUS",-4.333333333,23.43756154,0.588,8.984294197,24.18157407,0.22,0.200318519,360.0166897,0.229,0.499845166,"PERENNIAL","GRASS","GRASS"
"297","cowidrt.ca","DACTYLIS GLOMERATA",5.1,20.01241462,0.2225,3.95,45.99,0.3048,0.422325,29.04686668,0.157828901,0.484069109,"PERENNIAL","GRASS","GRASS"
"298","rhijn.nl","DACTYLIS GLOMERATA",4.16666667,20.01241462,0.2225,3.95,45.99,0.3048,0.422325,29.04686668,0.157828901,0.484069109,"PERENNIAL","GRASS","GRASS"
"299","elvadrt.ee","DACTYLIS GLOMERATA",1.66666667,20.01241462,0.2225,3.95,45.99,0.3048,0.422325,29.04686668,0.157828901,0.484069109,"PERENNIAL","GRASS","GRASS"
"303","esw.ca","DAUCUS CAROTA",2,23.75644602,0.487097662,12.75277167,17.82232194,0.8925,0.314314803,244.5257138,0.077,0.569956278,"BIENNIAL","FORB","FORB"
"304","elvadrt.ee","DAUCUS CAROTA",0,23.75644602,0.487097662,12.75277167,17.82232194,0.8925,0.314314803,244.5257138,0.077,0.569956278,"BIENNIAL","FORB","FORB"
"306","paike.ar","DESCHAMPSIA CESPITOSA",0,19.38145224,0.623466667,9.504294333,15.23396119,1.23,0.206048414,364.9892355,0.24,0.463646707,"PERENNIAL","GRASS","GRASS"
"307","hyide.de","DESCHAMPSIA FLEXUOSA",-1,21.14852266,0.40801415,6.90123,17.70866263,0.2032,0.233751852,196.6766667,0.410694171,0.357471274,"PERENNIAL","GRASS","GRASS"
"308","lygraint.no","DESCHAMPSIA FLEXUOSA",1.5,21.14852266,0.40801415,6.90123,17.70866263,0.2032,0.233751852,196.6766667,0.410694171,0.357471274,"PERENNIAL","GRASS","GRASS"
"309","hoide.de","DESCHAMPSIA FLEXUOSA",-5,21.14852266,0.40801415,6.90123,17.70866263,0.2032,0.233751852,196.6766667,0.410694171,0.357471274,"PERENNIAL","GRASS","GRASS"
"328","octc.us","ELYMUS ELYMOIDES",-0.073247858,20.3,0.255,6.333333333,20.1,0.3048,0.62075,19.41916685,0.387230769,0.328333333,"PERENNIAL","GRASS","GRASS"
"329","oreac.us","ELYMUS ELYMOIDES",12.95833333,20.3,0.255,6.333333333,20.1,0.3048,0.62075,19.41916685,0.387230769,0.328333333,"PERENNIAL","GRASS","GRASS"
"330","oreaa.us","ELYMUS ELYMOIDES",0.05,20.3,0.255,6.333333333,20.1,0.3048,0.62075,19.41916685,0.387230769,0.328333333,"PERENNIAL","GRASS","GRASS"
"332","esw.ca","ELYMUS REPENS",0,26.17661742,0.22,16.42030861,30.7,0.3556,0.408375,24.17441564,0.200167235,0.453232931,"PERENNIAL","GRASS","GRASS"
"377","gmgranite.us","ERODIUM CICUTARIUM",5.285714285,27.82176667,0.3255,11.47977948,33.62785763,1.45,0.1243,131.6796733,0.43626943,0.549608355,"ANNUAL","FORB","FORB"
"378","gmmolar.us","ERODIUM CICUTARIUM",1.357142857,27.82176667,0.3255,11.47977948,33.62785763,1.45,0.1243,131.6796733,0.43626943,0.549608355,"ANNUAL","FORB","FORB"
"379","spvdrt.ar","ERODIUM CICUTARIUM",0,27.82176667,0.3255,11.47977948,33.62785763,1.45,0.1243,131.6796733,0.43626943,0.549608355,"ANNUAL","FORB","FORB"
"387","allmendo.ch","EUPHORBIA CYPARISSIAS",1.5,29.16635667,0.2375,8.96,23.6,0.89,0.50435,82.89593285,0.295652174,0.459459459,"PERENNIAL","FORB","FORB"
"388","allmendb.ch","EUPHORBIA CYPARISSIAS",-1.5,29.16635667,0.2375,8.96,23.6,0.89,0.50435,82.89593285,0.295652174,0.459459459,"PERENNIAL","FORB","FORB"
"404","marcdrt.ar","FESTUCA ARUNDINACEA",28.91666667,26.75,0.922297147,9.306666667,16.0169955,1.415,0.383552278,167.503371,0.210653817,0.386256373,"PERENNIAL","GRASS","GRASS"
"405","sclaudio.ar","FESTUCA ARUNDINACEA",4.75,26.75,0.922297147,9.306666667,16.0169955,1.415,0.383552278,167.503371,0.210653817,0.386256373,"PERENNIAL","GRASS","GRASS"
"410","allmendb.ch","FESTUCA OVINA",1.458333333,16.78631631,0.414347827,7.790299962,19.60698369,0.254,0.205406167,180.6632143,0.18,0.346186217,"PERENNIAL","GRASS","GRASS"
"411","allmendo.ch","FESTUCA OVINA",1.499999999,16.78631631,0.414347827,7.790299962,19.60698369,0.254,0.205406167,180.6632143,0.18,0.346186217,"PERENNIAL","GRASS","GRASS"
"412","rhijn.nl","FESTUCA PRATENSIS",-1,19.46927506,0.4,9.037334647,26.12,2.6825,0.217565197,289.7039134,0.091553497,0.614932652,"PERENNIAL","GRASS","GRASS"
"413","elvadrt.ee","FESTUCA PRATENSIS",0.166666666,19.46927506,0.4,9.037334647,26.12,2.6825,0.217565197,289.7039134,0.091553497,0.614932652,"PERENNIAL","GRASS","GRASS"
"415","elvadrt.ee","FESTUCA RUBRA",-0.666666667,19.05492673,0.115,3.9,19.51431627,0.3048,0.12,348.147287,0.190815184,0.278900454,"PERENNIAL","GRASS","GRASS"
"416","rhijn.nl","FESTUCA RUBRA",-8.33333334,19.05492673,0.115,3.9,19.51431627,0.3048,0.12,348.147287,0.190815184,0.278900454,"PERENNIAL","GRASS","GRASS"
"424","baddrt.de","GALIUM APARINE",-0.21,30.3875,0.765787211,17.66740825,35.74370723,0.1016,0.153183334,342.4265529,0.246153846,0.31826418,"ANNUAL","FORB","FORB"
"425","cowidrt.ca","GALIUM APARINE",-1.5,30.3875,0.765787211,17.66740825,35.74370723,0.1016,0.153183334,342.4265529,0.246153846,0.31826418,"ANNUAL","FORB","FORB"
"426","matador.ca","GALIUM BOREALE",-12.5,18.80683333,0.37,10,12.563546,0.1524,0.1779,83.22567003,0.315984509,0.767008388,"PERENNIAL","FORB","FORB"
"427","brookdale.ca","GALIUM BOREALE",0.05,18.80683333,0.37,10,12.563546,0.1524,0.1779,83.22567003,0.315984509,0.767008388,"PERENNIAL","FORB","FORB"
"428","kernnu.ca","GALIUM BOREALE",1,18.80683333,0.37,10,12.563546,0.1524,0.1779,83.22567003,0.315984509,0.767008388,"PERENNIAL","FORB","FORB"
"429","kernb.ca","GALIUM BOREALE",-2.5,18.80683333,0.37,10,12.563546,0.1524,0.1779,83.22567003,0.315984509,0.767008388,"PERENNIAL","FORB","FORB"
"433","allmendo.ch","GALIUM VERUM",-0.833333333,21.6094737,0.516038889,11.75956766,18.0367854,1.1825,0.122981034,17.44346744,0.140178711,0.622686763,"PERENNIAL","FORB","FORB"
"458","cdpt_drt.us","HELIANTHUS ANNUUS",0.366666667,18,2.847733333,27.3,20.20275046,0.2032,0.945853228,191.3969043,0.185054,0.223790596,"ANNUAL","FORB","FORB"
"464","elvadrt.ee","HELICTOTRICHON PUBESCENS",-3.333333333,22.96361562,0.680625,7.892636683,18.24085078,0.3,0.161264502,62.86954053,0.090296815,0.652943118,"PERENNIAL","GRASS","GRASS"
"466","cdpt_drt.us","HESPEROSTIPA COMATA",8.16666667,16.5,0.25,5.78,15.33,1.353301654,0.3829,40.72791888,0.380337995,0.475,"PERENNIAL","GRASS","GRASS"
"467","mattheis.ca","HESPEROSTIPA COMATA",-4.25,16.5,0.25,5.78,15.33,1.353301654,0.3829,40.72791888,0.380337995,0.475,"PERENNIAL","GRASS","GRASS"
"476","scruzh.us","HOLCUS LANATUS",-0.3029453,24.56210683,0.554013615,9.716666667,33.19474226,0.1016,0.116666667,311.996707,0.204186017,0.439309966,"PERENNIAL","FORB","GRASS"
"477","rhijn.nl","HOLCUS LANATUS",-1.4,24.56210683,0.554013615,9.716666667,33.19474226,0.1016,0.116666667,311.996707,0.204186017,0.439309966,"PERENNIAL","GRASS","GRASS"
"487","falls.au","HYPOCHAERIS RADICATA",-0.066666667,17.75,0.3505,5.956457605,28.79050968,0.5475,0.261638779,151.7703194,0.14089564,0.455750199,"PERENNIAL","FORB","FORB"
"488","spvdrt.ar","HYPOCHAERIS RADICATA",0.333333333,17.75,0.3505,5.956457605,28.79050968,0.5475,0.261638779,151.7703194,0.14089564,0.455750199,"PERENNIAL","FORB","FORB"
"489","charleville.au","HYPOCHAERIS RADICATA",0.333333333,17.75,0.3505,5.956457605,28.79050968,0.5475,0.261638779,151.7703194,0.14089564,0.455750199,"ANNUAL","FORB","FORB"
"490","yarradrt.au","HYPOCHAERIS RADICATA",6.598333333,17.75,0.3505,5.956457605,28.79050968,0.5475,0.261638779,151.7703194,0.14089564,0.455750199,"PERENNIAL","FORB","FORB"
"491","baddrt.de","HYPOCHAERIS RADICATA",0.8,17.75,0.3505,5.956457605,28.79050968,0.5475,0.261638779,151.7703194,0.14089564,0.455750199,"PERENNIAL","FORB","FORB"
"499","teshio.jp","JUNCUS EFFUSUS",-38,10.75127,0.664285714,9.325765248,6.765762036,0.6096,0.56575,117.1474667,0.202890258,0.503566667,"PERENNIAL","GRAMINOID","GRAMINOID"
"504","matador.ca","KOELERIA MACRANTHA",-0.083333333,15.4,0.136,7.325,20.12,0.508,0.26642,154.286624,0.405508934,0.522549003,"PERENNIAL","GRASS","GRASS"
"505","mattheis.ca","KOELERIA MACRANTHA",-20.58333333,15.4,0.136,7.325,20.12,0.508,0.26642,154.286624,0.405508934,0.522549003,"PERENNIAL","GRASS","GRASS"
"506","cdpt_drt.us","KOELERIA MACRANTHA",-12,15.4,0.136,7.325,20.12,0.508,0.26642,154.286624,0.405508934,0.522549003,"PERENNIAL","GRASS","GRASS"
"507","biddulph.ca","KOELERIA MACRANTHA",0.25,15.4,0.136,7.325,20.12,0.508,0.26642,154.286624,0.405508934,0.522549003,"PERENNIAL","GRAMINOID","GRASS"
"508","hard.us","KOELERIA MACRANTHA",0,15.4,0.136,7.325,20.12,0.508,0.26642,154.286624,0.405508934,0.522549003,"PERENNIAL","GRASS","GRASS"
"509","konzadrt.us","KOELERIA MACRANTHA",2.6,15.4,0.136,7.325,20.12,0.508,0.26642,154.286624,0.405508934,0.522549003,"PERENNIAL","GRASS","GRASS"
"517","elvadrt.ee","LATHYRUS PRATENSIS",-15,39.68831026,0.475733333,25.11541,24.65295817,1.18,0.4965,63.29727228,0.141833333,0.386653858,"PERENNIAL","LEGUME","LEGUME"
"518","rhijn.nl","LATHYRUS PRATENSIS",5,39.68831026,0.475733333,25.11541,24.65295817,1.18,0.4965,63.29727228,0.141833333,0.386653858,"PERENNIAL","LEGUME","LEGUME"
"522","allmendo.ch","LEONTODON HISPIDUS",0,23.92644618,0.371,11.53789754,24.61213746,0.3,0.273284146,204.9072943,0.134462153,0.41640885,"PERENNIAL","FORB","FORB"
"523","elvadrt.ee","LEONTODON HISPIDUS",5.33333333,23.92644618,0.371,11.53789754,24.61213746,0.3,0.273284146,204.9072943,0.134462153,0.41640885,"PERENNIAL","FORB","FORB"
"529","cedartrait.us","LESPEDEZA CAPITATA",-3.283333333,19.09948702,0.842,31.172408,12.25680193,0.4572,0.333275,79.00332954,0.18700225,0.337024703,"PERENNIAL","FORB","LEGUME"
"532","allmendb.ch","LEUCANTHEMUM VULGARE",0.375,30.26796208,0.53192,9.640667198,18.01419965,0.2032,0.23427,205.5962002,0.178238532,0.47391085,"PERENNIAL","FORB","FORB"
"533","rhijn.nl","LEUCANTHEMUM VULGARE",2,30.26796208,0.53192,9.640667198,18.01419965,0.2032,0.23427,205.5962002,0.178238532,0.47391085,"PERENNIAL","FORB","FORB"
"539","cdpt_drt.us","LIATRIS PUNCTATA",0.5,16.8,0.0925,11.75,11.09,0.3556,0.606825,118.8077502,0.167531,0.732865851,"PERENNIAL","FORB","FORB"
"556","scruzl.us","LOLIUM PERENNE",-2.338968367,19.23,0.4,9.7,18.31,0.254,0.1,220.8471095,0.186794228,0.484061808,"ANNUAL","GRASS","GRASS"
"557","scruzm.us","LOLIUM PERENNE",-0.6371753,19.23,0.4,9.7,18.31,0.254,0.1,220.8471095,0.186794228,0.484061808,"ANNUAL","GRASS","GRASS"
"561","allmendo.ch","LOTUS CORNICULATUS",0.25,32.37274407,0.357339206,21.21401,20.8418579,0.3556,0.351194598,104.3277979,0.084566667,0.287780112,"PERENNIAL","FORB","LEGUME"
"562","yarradrt.au","LOTUS CORNICULATUS",0.193333333,32.37274407,0.357339206,21.21401,20.8418579,0.3556,0.351194598,104.3277979,0.084566667,0.287780112,"PERENNIAL","LEGUME","LEGUME"
"563","allmendb.ch","LOTUS CORNICULATUS",-1.500000001,32.37274407,0.357339206,21.21401,20.8418579,0.3556,0.351194598,104.3277979,0.084566667,0.287780112,"PERENNIAL","FORB","LEGUME"
"564","purdue.us","LOTUS CORNICULATUS",-4.25,32.37274407,0.357339206,21.21401,20.8418579,0.3556,0.351194598,104.3277979,0.084566667,0.287780112,"PERENNIAL","LEGUME","LEGUME"
"566","cedartrait.us","LUPINUS PERENNIS",0.4,32.9375,0.38,29.52364967,19.49355322,0.32,0.34,17.10482839,0.32,0.38748562,"PERENNIAL","FORB","LEGUME"
"578","esw.ca","MEDICAGO LUPULINA",-0.5,32.94,0.1,8.5,21.96,0.3048,0.281707971,38.6836264,0.05175,0.2386439,"BOTH","LEGUME","LEGUME"
"579","marcdrt.ar","MEDICAGO LUPULINA",-1,32.94,0.1,8.5,21.96,0.3048,0.281707971,38.6836264,0.05175,0.2386439,"BIENNIAL","FORB","LEGUME"
"580","elvadrt.ee","MEDICAGO LUPULINA",-1.000000003,32.94,0.1,8.5,21.96,0.3048,0.281707971,38.6836264,0.05175,0.2386439,"PERENNIAL","LEGUME","LEGUME"
"581","allmendb.ch","MEDICAGO LUPULINA",-0.75,32.94,0.1,8.5,21.96,0.3048,0.281707971,38.6836264,0.05175,0.2386439,"BIENNIAL","FORB","LEGUME"
"582","credom.au","MEDICAGO MINIMA",-3.75,41.21475238,0.1701,33.34666667,21.02654321,0.22,0.3834,211.5066667,0.1565,0.331316983,"ANNUAL","FORB","LEGUME"
"583","credoj.au","MEDICAGO MINIMA",-7.833333333,41.21475238,0.1701,33.34666667,21.02654321,0.22,0.3834,211.5066667,0.1565,0.331316983,"ANNUAL","FORB","LEGUME"
"584","kiskun.hu","MEDICAGO MINIMA",-0.08,41.21475238,0.1701,33.34666667,21.02654321,0.22,0.3834,211.5066667,0.1565,0.331316983,"ANNUAL","FORB","LEGUME"
"588","marcdrt.ar","MELILOTUS OFFICINALIS",8,43.985,0.493,10.4,27.09343963,1.16,0.29,37.95643063,0.380689176,0.285,"BIENNIAL","FORB","LEGUME"
"597","cedartrait.us","MONARDA FISTULOSA",-2,11.29051118,0.662,17.87547,16.99988269,0.1016,0.28925,32.46391317,0.1508955,0.411046263,"PERENNIAL","FORB","FORB"
"643","matador.ca","PASCOPYRUM SMITHII",-1.666666668,26.7742,0.3225,8.191666667,18.14,1.703333333,0.5478,48.8474242,0.3298444,0.3941423,"PERENNIAL","GRASS","GRASS"
"672","teshio.jp","PHRAGMITES AUSTRALIS",-8.5,32.70171952,1.800047619,13.1,15.86350939,0.508,0.18602,322.7959115,0.126872908,0.404672131,"PERENNIAL","GRASS","GRASS"
"677","baddrt.de","PICRIS HIERACIOIDES",-4.5,24.11,0.157,12.13,18.58,1.23,0.45557832,193.765,0.118,0.554,"PERENNIAL","FORB","FORB"
"678","allmendo.ch","PIMPINELLA SAXIFRAGA",-0.499999999,21.22166667,0.445,3.322678571,20.92174997,2.42685,0.228622222,149.6596103,0.315348446,0.328183381,"PERENNIAL","FORB","FORB"
"679","allmendb.ch","PIMPINELLA SAXIFRAGA",1.416666667,21.22166667,0.445,3.322678571,20.92174997,2.42685,0.228622222,149.6596103,0.315348446,0.328183381,"PERENNIAL","FORB","FORB"
"684","allmendo.ch","PLANTAGO LANCEOLATA",0.166666667,25.695,0.2225,23.59846931,17.59,0.57,0.502025,225.0999155,0.138912722,0.394104891,"PERENNIAL","FORB","FORB"
"685","allmendb.ch","PLANTAGO LANCEOLATA",0.625,25.695,0.2225,23.59846931,17.59,0.57,0.502025,225.0999155,0.138912722,0.394104891,"PERENNIAL","FORB","FORB"
"686","yarradrt.au","PLANTAGO LANCEOLATA",-0.3,25.695,0.2225,23.59846931,17.59,0.57,0.502025,225.0999155,0.138912722,0.394104891,"PERENNIAL","FORB","FORB"
"687","scruzh.us","PLANTAGO LANCEOLATA",9.91114287,25.695,0.2225,23.59846931,17.59,0.57,0.502025,225.0999155,0.138912722,0.394104891,"ANNUAL","FORB","FORB"
"688","rhijn.nl","PLANTAGO LANCEOLATA",0.666666667,25.695,0.2225,23.59846931,17.59,0.57,0.502025,225.0999155,0.138912722,0.394104891,"PERENNIAL","FORB","FORB"
"689","baddrt.de","PLANTAGO LANCEOLATA",0.25,25.695,0.2225,23.59846931,17.59,0.57,0.502025,225.0999155,0.138912722,0.394104891,"PERENNIAL","FORB","FORB"
"705","kernnu.ca","POA PRATENSIS",-5.5,13.65,0.409,6.364705882,12.16,0.254,0.196318683,102.2077615,0.295076346,0.632082184,"PERENNIAL","GRAMINOID","GRASS"
"706","cowidrt.ca","POA PRATENSIS",2.8,13.65,0.409,6.364705882,12.16,0.254,0.196318683,102.2077615,0.295076346,0.632082184,"PERENNIAL","GRASS","GRASS"
"707","cedartrait.us","POA PRATENSIS",-1.613888889,13.65,0.409,6.364705882,12.16,0.254,0.196318683,102.2077615,0.295076346,0.632082184,"PERENNIAL","GRASS","GRASS"
"708","rhijn.nl","POA PRATENSIS",1,13.65,0.409,6.364705882,12.16,0.254,0.196318683,102.2077615,0.295076346,0.632082184,"PERENNIAL","GRASS","GRASS"
"709","kernb.ca","POA PRATENSIS",-9.58333334,13.65,0.409,6.364705882,12.16,0.254,0.196318683,102.2077615,0.295076346,0.632082184,"PERENNIAL","GRAMINOID","GRASS"
"710","cedarsav.us","POA PRATENSIS",-0.342857143,13.65,0.409,6.364705882,12.16,0.254,0.196318683,102.2077615,0.295076346,0.632082184,"PERENNIAL","GRASS","GRASS"
"711","brookdale.ca","POA PRATENSIS",4.7,13.65,0.409,6.364705882,12.16,0.254,0.196318683,102.2077615,0.295076346,0.632082184,"PERENNIAL","GRASS","GRASS"
"716","baddrt.de","POA TRIVIALIS",0.606666667,34.02187304,0.640983219,31.34075583,35.67170494,0.3048,0.173758288,601.5858444,0.167554532,0.587852808,"PERENNIAL","GRASS","GRASS"
"731","allmendo.ch","PRUNELLA VULGARIS",-4.25,16.811555,0.250255556,5.87871,23.15800111,0.254,0.294300536,223.0600732,0.161917314,0.335769284,"PERENNIAL","FORB","FORB"
"732","allmendb.ch","PRUNELLA VULGARIS",0.666666663,16.811555,0.250255556,5.87871,23.15800111,0.254,0.294300536,223.0600732,0.161917314,0.335769284,"PERENNIAL","FORB","FORB"
"733","rhijn.nl","PRUNELLA VULGARIS",1.5,16.811555,0.250255556,5.87871,23.15800111,0.254,0.294300536,223.0600732,0.161917314,0.335769284,"PERENNIAL","FORB","FORB"
"736","cdpt_drt.us","PSORALIDIUM TENUIFLORUM",-5.2,24.3,0.056,26.25,16.82,2.598333333,0.66942,34.26262715,0.426284493,0.827467108,"PERENNIAL","FORB","LEGUME"
"737","konzadrt.us","PSORALIDIUM TENUIFLORUM",4.78,24.3,0.056,26.25,16.82,2.598333333,0.66942,34.26262715,0.426284493,0.827467108,"PERENNIAL","FORB","LEGUME"
"743","elvadrt.ee","RANUNCULUS ACRIS",2.666666666,24.40250649,0.26,8.85,22.85689329,0.44,0.35099,79.42699605,0.215759509,0.652478955,"PERENNIAL","FORB","FORB"
"744","rhijn.nl","RANUNCULUS ACRIS",0.6,24.40250649,0.26,8.85,22.85689329,0.44,0.35099,79.42699605,0.215759509,0.652478955,"PERENNIAL","FORB","FORB"
"746","teshio.jp","RANUNCULUS REPENS",1,30.80309083,0.243333333,9.982096286,23.70182726,0.1524,0.412452083,217.6519817,0.133080484,0.400038348,"PERENNIAL","FORB","FORB"
"759","purdue.us","RUDBECKIA HIRTA",0,28.33854,0.48345,21.64598,20.28284683,0.254,0.2691575,119.2626432,0.134249,0.287233853,"THREE","FORB","FORB"
"761","elvadrt.ee","RUMEX ACETOSA",0,40.4730773,0.63555,9.226533422,27.38613324,0.9,0.240291458,161.1286432,0.252258472,0.799502812,"PERENNIAL","FORB","FORB"
"762","rhijn.nl","RUMEX ACETOSA",1.25,40.4730773,0.63555,9.226533422,27.38613324,0.9,0.240291458,161.1286432,0.252258472,0.799502812,"PERENNIAL","FORB","FORB"
"763","falls.au","RUMEX ACETOSELLA",-0.25,11.61,0.235714286,18.76112,30.32394073,0.902,0.262467915,69.76965918,0.147587959,0.370900975,"PERENNIAL","FORB","FORB"
"764","baddrt.de","RUMEX CRISPUS",2.5,28.64619072,0.671,3.807,27.4215048,2.915,0.17924,10.56194309,0.469710744,0.500519027,"PERENNIAL","FORB","FORB"
"773","allmendb.ch","SANGUISORBA MINOR",-1.75,19.82857143,0.340136667,13.0925861,18.63307157,0.3048,0.4611271,118.7237432,0.280697821,0.348772897,"PERENNIAL","FORB","FORB"
"784","cedartrait.us","SCHIZACHYRIUM SCOPARIUM",-1.955555554,14.4,0.15,7.8,29.88,0.3048,0.563175,71.66428973,0.290984038,0.424696844,"PERENNIAL","GRASS","GRASS"
"785","sand.us","SCHIZACHYRIUM SCOPARIUM",-6.5,14.4,0.15,7.8,29.88,0.3048,0.563175,71.66428973,0.290984038,0.424696844,"PERENNIAL","GRASS","GRASS"
"786","cedarsav.us","SCHIZACHYRIUM SCOPARIUM",-5.33928571,14.4,0.15,7.8,29.88,0.3048,0.563175,71.66428973,0.290984038,0.424696844,"PERENNIAL","GRASS","GRASS"
"821","brookdale.ca","SOLIDAGO CANADENSIS",-2.5,15.13338959,0.485,5.2,14.07665001,0.3048,0.486273328,17.1911586,0.085770833,0.31,"PERENNIAL","FORB","FORB"
"822","purdue.us","SOLIDAGO CANADENSIS",-15.875,15.13338959,0.485,5.2,14.07665001,0.3048,0.486273328,17.1911586,0.085770833,0.31,"PERENNIAL","FORB","FORB"
"823","esw.ca","SOLIDAGO CANADENSIS",-14.66666667,15.13338959,0.485,5.2,14.07665001,0.3048,0.486273328,17.1911586,0.085770833,0.31,"PERENNIAL","FORB","FORB"
"824","baddrt.de","SOLIDAGO CANADENSIS",4.2,15.13338959,0.485,5.2,14.07665001,0.3048,0.486273328,17.1911586,0.085770833,0.31,"PERENNIAL","FORB","FORB"
"826","cedartrait.us","SOLIDAGO NEMORALIS",-4.85714286,15.47778333,0.57,5.2,12.76442277,0.3048,0.369872222,208.2087011,0.17795925,0.270183504,"PERENNIAL","FORB","FORB"
"827","brookdale.ca","SOLIDAGO RIGIDA",-1,14.59,0.598,5.2,10.23214847,0.3048,0.34,35.33592984,0.215521046,0.482373411,"PERENNIAL","FORB","FORB"
"828","cedartrait.us","SOLIDAGO RIGIDA",-7.66666667,14.59,0.598,5.2,10.23214847,0.3048,0.34,35.33592984,0.215521046,0.482373411,"PERENNIAL","FORB","FORB"
"839","konzadrt.us","SORGHASTRUM NUTANS",8.416666667,9,0.263333334,12.414309,29.61,0.6096,0.5351,106.1696388,0.244891,0.445328557,"PERENNIAL","GRASS","GRASS"
"840","cedartrait.us","SORGHASTRUM NUTANS",-13.9,9,0.263333334,12.414309,29.61,0.6096,0.5351,106.1696388,0.244891,0.445328557,"PERENNIAL","GRASS","GRASS"
"841","cedarsav.us","SORGHASTRUM NUTANS",18.8,9,0.263333334,12.414309,29.61,0.6096,0.5351,106.1696388,0.244891,0.445328557,"PERENNIAL","GRASS","GRASS"
"849","cdpt_drt.us","SPOROBOLUS CRYPTANDRUS",4.125,17.56,0.352,27.8335825,23.90754717,0.4572,0.219983333,22.63833333,0.476,0.324,"PERENNIAL","GRASS","GRASS"
"856","biddulph.ca","STIPA COMATA",0,20.1,0.9144,15.9,16.95,0.4064,0.2,79.18825345,0.33136934,0.4745,"PERENNIAL","GRAMINOID","GRASS"
"881","cedartrait.us","TARAXACUM CAMPYLODES",4.916666667,28.3472693,0.044,10.73618,30.37717515,0.1524,0.292,213.1,0.253916667,0.339040609,"PERENNIAL","FORB","FORB"
"900","mattheis.ca","TRAGOPOGON DUBIUS",-2.8,30.29,0.1925,6.75,19.99,0.1524,0.6475,58.4594469,0.226936116,0.490096133,"PERENNIAL","FORB","FORB"
"901","cdpt_drt.us","TRAGOPOGON DUBIUS",0.6,30.29,0.1925,6.75,19.99,0.1524,0.6475,58.4594469,0.226936116,0.490096133,"ANNUAL","FORB","FORB"
"902","matador.ca","TRAGOPOGON DUBIUS",-1.5,30.29,0.1925,6.75,19.99,0.1524,0.6475,58.4594469,0.226936116,0.490096133,"BIENNIAL","FORB","FORB"
"910","allmendb.ch","TRIFOLIUM PRATENSE",-0.25,40.4444317,0.26475,14,18.1925463,0.3048,0.256183381,0.134204546,0.124475,0.235814682,"PERENNIAL","FORB","LEGUME"
"911","rhijn.nl","TRIFOLIUM PRATENSE",0,40.4444317,0.26475,14,18.1925463,0.3048,0.256183381,0.134204546,0.124475,0.235814682,"PERENNIAL","LEGUME","LEGUME"
"912","esw.ca","TRIFOLIUM PRATENSE",7.99999999,40.4444317,0.26475,14,18.1925463,0.3048,0.256183381,0.134204546,0.124475,0.235814682,"PERENNIAL","LEGUME","LEGUME"
"913","elvadrt.ee","TRIFOLIUM REPENS",-13,33.84977,0.198333333,17.69090909,32.58529583,0.3048,0.263218929,64.58137829,0.0525,0.220098395,"PERENNIAL","LEGUME","LEGUME"
"914","teshio.jp","TRIFOLIUM REPENS",-0.666666667,33.84977,0.198333333,17.69090909,32.58529583,0.3048,0.263218929,64.58137829,0.0525,0.220098395,"PERENNIAL","LEGUME","LEGUME"
"927","elvadrt.ee","VERONICA CHAMAEDRYS",0.5,25.804,0.234,10.00287923,30.84289646,0.34,0.149373333,349.9700698,0.114461321,0.51690363,"PERENNIAL","FORB","FORB"
"928","rhijn.nl","VERONICA CHAMAEDRYS",-5.000000003,25.804,0.234,10.00287923,30.84289646,0.34,0.149373333,349.9700698,0.114461321,0.51690363,"PERENNIAL","FORB","FORB"
"934","elvadrt.ee","VICIA CRACCA",-1.333333333,41.79727454,0.879038889,24.42381,24.95250441,0.3048,0.463024976,41.43187551,0.1491,0.455432042,"PERENNIAL","LEGUME","LEGUME"
"935","cowidrt.ca","VICIA HIRSUTA",0.65,43.2098,0.4375,28.02801,22.05714286,0.66,0.2074,87.90712843,0.3375,0.379385142,"ANNUAL","FORB","LEGUME"
"936","scruzm.us","VICIA SATIVA",-1.492047983,54.71597209,0.7509,3.5,28.89142857,0.3048,0.222666667,60.47073255,0.430769231,0.290205238,"ANNUAL","FORB","LEGUME"
"937","cowidrt.ca","VICIA SATIVA",1.15,54.71597209,0.7509,3.5,28.89142857,0.3048,0.222666667,60.47073255,0.430769231,0.290205238,"ANNUAL","FORB","LEGUME"
"947","jilpanger.au","VULPIA MYUROS",-0.5,17.1507779,0.435733333,7.5,22.38333333,0.3048,0.19,268.91,0.044,0.525276179,"ANNUAL","GRASS","GRASS"
"948","scruzl.us","VULPIA MYUROS",-8.82967493,17.1507779,0.435733333,7.5,22.38333333,0.3048,0.19,268.91,0.044,0.525276179,"ANNUAL","GRASS","GRASS"
"949","scruzh.us","VULPIA MYUROS",-54.15358008,17.1507779,0.435733333,7.5,22.38333333,0.3048,0.19,268.91,0.044,0.525276179,"ANNUAL","GRASS","GRASS"
"950","baddrt.de","VULPIA MYUROS",-79.47619048,17.1507779,0.435733333,7.5,22.38333333,0.3048,0.19,268.91,0.044,0.525276179,"ANNUAL","GRASS","GRASS"
