"leafN.mg.g"	"height.m"	"rootN.mg.g"	"SLA_m2.kg"	"root.depth_m"	"rootDiam.mm"	"SRL.groot.cahill.merge"	"RTD.groot.cahill.merge"	"RMF.g.g"
0.6354	-0.3742	-0.0811	-1.4231	0.0526	-0.083	-1.4886	0.7359	1.3107
0.6207	-0.4518	-0.1158	-1.4322	0.0684	-0.0887	-1.5464	0.7419	1.3288
1.2034	3.1887	1.1583	1.2661	2.7924	0.5119	-0.3834	-0.9295	-1.0744
-0.0092	0.0768	-0.0503	-0.0491	0.3801	0.0976	-1.4501	0.6392	-0.5835
-0.092	-0.101	0.1173	0.2453	-0.0367	0.3287	0.0506	-0.3366	-0.0159
0.6747	4.1599	0.867	0.9688	3.9289	-4.6977	1.6206	-2.6496	3.0636
-0.4603	-0.6958	-0.1086	1.0268	-0.7707	1.4377	0.3141	0.0077	0.9408
-0.475	-0.691	-0.1046	1.0244	-0.7679	1.4428	0.3065	0.0258	0.9395
-0.4696	-0.6938	-0.1032	1.0227	-0.7689	1.3493	0.3047	0.0258	0.9345
-0.4642	-0.6885	-0.0988	0.9894	-0.7711	1.4456	0.3154	0.027	0.9319
-0.4762	-0.6908	-0.11	1.0244	-0.7658	1.4498	0.2726	0.0267	0.9442
-0.4335	-0.6931	-0.1024	1.0236	-0.765	1.4372	0.3137	0.0157	0.9491
-0.4682	-0.6919	-0.117	1.023	-0.7703	1.4398	0.3052	0.0059	0.9501
-0.4662	-0.686	-0.1054	1.0252	-0.7772	1.4418	0.3161	0.021	0.8931
-0.4691	-0.6924	-0.1023	1.0217	-0.7664	1.438	0.3039	0.0172	0.9346
-0.4747	-0.6863	-0.0976	1.0297	-0.759	1.3599	0.3163	0.0266	0.9416
0.8741	-1.0604	1.24	0.1063	0.7796	0.6936	0.0965	-1.6827	0.5355
0.9801	-1.4204	1.2345	0.4127	0.7944	0.5961	0.1339	-1.5499	0.7951
0.9792	-1.414	1.2461	0.4108	0.7943	0.5528	0.124	-1.5454	0.7954
-0.1481	-0.1093	0.0438	0.1449	0.1444	0.4071	-0.0262	-0.2062	0.0996
-0.0831	0.0306	0.0841	0.1096	0.1815	0.3404	0.0782	-0.2636	0.1722
-0.0921	0.0162	0.1073	0.1161	0.2272	0.3346	0.0629	-0.2427	0.1486
-0.3548	-0.104	0.2765	0.204	-1.0692	0.1732	-0.3304	-0.0247	0.5625
0.7273	0.2906	0.0443	1.1147	-0.5274	-1.3457	0.0467	-0.2996	-0.2652
0.7994	0.217	-0.027	0.3805	-0.3273	-1.6106	0.4887	-0.4064	0.2787
-0.4206	1.0728	-0.1109	0.0308	-0.1494	-1.1558	-0.1861	-0.1011	0.0406
0.508	-0.3094	-0.2311	0.3239	-0.2541	-1.0772	-0.3297	0.022	0.0278
-0.3931	-2.1209	-0.4084	0.4882	-0.3745	-0.9328	-0.37	0.1738	0.3773
1.1086	-0.1361	0.0634	-0.006	-0.3326	-0.769	0.3604	-0.0963	-0.1649
1.1161	-0.0652	0.0572	-0.0028	-0.3257	-0.7746	0.359	-0.0517	-0.1598
1.1115	-0.1412	0.0644	0.0046	-0.3271	-0.7701	0.3528	-0.0883	-0.1429
1.1154	0.2	-1.056	-0.0556	-0.2189	-2.0475	-1.7504	0.2102	-0.104
1.1145	0.1983	-1.0442	-0.0918	-0.3239	-2.0448	-1.7546	0.2061	-0.11
0.1774	0.482	-0.1114	0.7386	-1.9923	-0.6273	1.9649	-0.8193	-1.8029
1.4941	-1.4878	-0.1041	0.4003	-0.0632	0.0526	-1.5182	0.7815	-0.5606
-1.3892	-0.1392	-1.5508	1.0575	1.9082	0.013	0.0203	0.4319	-2.3579
-3.8542	-2.0495	-1.2098	-13.7506	-0.1192	-1.9593	-1.8603	4.2994	4.6964
-0.0694	-0.0287	3.0651	-1.3277	-1.075	-0.8837	4.1105	-4.666	-0.1003
-0.1238	0.5317	3.0131	-1.4109	0.5431	-0.7694	4.0222	-4.7048	0.0939
0.0117	0.3033	0.1031	-0.5059	0.7041	-0.1769	-0.5161	0.6201	-1.4274
1.083	-1.1433	0.6848	0.1764	0.6199	-0.0764	0.4429	-0.9578	0.8333
0.3576	0.3063	0.8705	0.3741	1.1548	0.1863	0.4567	-1.2958	0.3199
1.5915	0.2538	0.3031	-3.4067	1.06	-0.1135	-0.5074	0.6937	0.0144
1.917	0.3883	0.3033	-3.42	1.0523	-0.0874	-0.5365	0.6983	-0.0606
0.9644	0.6476	0.8382	1.3532	0.476	0.4842	0.4133	-0.492	0.0601
0.6847	0.132	0.5892	0.0828	0.9395	0.5431	-0.1095	0.803	0.1905
0.7256	0.1313	0.6105	0.0776	0.9351	0.5526	-0.1134	0.8019	0.1937
0.8383	0.5137	0.7067	-0.6597	0.7633	0.2812	0.0298	0.0901	0.0969
0.2114	0.3537	1.8822	-0.4269	0.2259	-0.8893	-2.1338	1.4263	-0.273
0.2182	0.3432	1.8781	-0.4271	0.2363	-0.8849	-2.3069	1.4417	-0.2747
0.4054	-0.5163	0.4581	0.9104	-0.294	-5.0715	-0.0838	1.1801	3.904
-0.5473	-0.9075	0.7278	1.3147	0.2247	1.3564	-0.2794	0.4142	0.5152
-0.5534	-0.9126	0.7914	1.3038	0.2197	1.3497	-0.2867	0.4107	0.5188
-0.5454	-0.915	0.7918	1.306	0.2276	1.3562	-0.2688	0.4092	0.5086
-0.5547	-0.9137	0.702	1.3076	0.219	1.3589	-0.2773	0.4168	0.5231
-0.5466	-0.907	0.7982	1.3044	0.2178	1.3536	-0.2769	0.3724	0.519
-0.056	-3.5277	0.5258	0.4218	-1.5314	-5.3498	0.5777	1.3683	4.2365
-0.0652	-3.5289	0.5199	0.3962	-1.4964	-5.323	0.5808	1.3625	4.2603
-0.0784	-0.0121	0.9346	-0.0931	-0.2179	0.1904	-1.7638	0.5262	0.1022
0.063	0.8946	-0.1903	0.9762	-1.0498	-1.8707	1.2901	-0.8204	0.8586
0.06	0.8978	-0.206	0.9814	-1.0592	-1.8767	1.2917	-0.7925	0.8582
0.0644	0.8949	-0.1662	0.9833	-1.0607	-1.8622	1.2932	-0.8129	0.856
0.0582	0.8995	-0.2008	0.9707	-1.0621	-1.7483	1.294	-0.809	0.8545
0.0968	0.8934	-0.2039	0.9742	-1.0552	-1.873	1.2868	-0.8155	0.8571
1.1742	-0.0955	1.3175	0.0809	1.5192	-1.4082	0.7669	-1.8196	-0.3298
-0.2679	0.9011	-0.4684	-0.0672	0.5011	0.0443	-0.0533	0.1277	-0.2374
-0.0477	-2.3321	2.0935	0.8869	-1.9363	3.253	0.743	-0.4279	1.3242
-0.3123	-1.4169	0.6593	0.5705	-0.743	-0.7793	1.827	-0.2485	-1.8185
-1.0209	-0.0421	-1.0026	-0.1744	1.0405	0.7129	-0.8818	0.5715	-0.0939
-2.0644	0.7993	-1.898	-0.5706	1.3324	0.2751	-1.0006	0.6418	-0.1083
-1.0625	0.3956	-1.0029	-0.576	1.1243	0.7218	-0.9895	0.5971	-0.1724
-0.7068	-1.2911	-0.5625	1.3159	0.9761	1.3659	-1.0035	0.6296	-0.0996
-0.7068	-1.2856	-0.5577	1.3141	1.2363	1.3101	-1.0091	0.6192	-0.0921
-1.1128	1.3265	-1.0446	-1.9213	1.4904	0.4518	-1.1128	0.8315	-0.2662
-0.3884	-0.0268	0.0475	-0.4859	-7.7521	-0.6591	-9.4762	9.8631	-5.2742
0.6243	0.3958	-0.0192	0.9826	-0.0256	-0.0267	0.7585	-0.4203	1.1027
0.3356	0.6552	0.2372	0.3218	-0.5217	0.62	-0.5956	0.1029	-0.5774
0.8589	0.7061	0.2817	-0.4866	1.1762	0.2124	-0.3901	0.1935	0.8795
-0.2935	1.5704	0.3435	-0.0598	0.2135	-0.0717	-0.3464	0.3226	-0.2844
0.7472	-1.048	-0.0845	1.5207	-0.7288	0.8303	-0.9589	0.7602	-0.4668
0.7588	-1.0449	-0.0795	1.532	-0.7669	0.834	-0.8872	0.7622	-0.4676
0.747	-1.0332	-0.095	1.3774	-0.7633	0.8268	-0.9562	0.7698	-0.4725
0.748	-1.0509	-0.0214	1.527	-0.7704	0.8299	-0.9615	0.763	-0.442
0.755	-1.0402	-0.0837	1.5179	-0.7639	0.8353	-0.9521	0.7114	-0.4434
0.749	-1.0413	-0.0852	1.5163	-0.7705	0.8478	-0.9663	0.7711	-0.4556
-0.0795	-0.7619	0.4237	0.8506	-0.7585	1.2986	-1.7124	-0.0193	-1.0811
-0.0835	-0.7543	0.3642	0.8499	-0.7615	1.2996	-1.7134	-0.0145	-1.1481
-0.0828	-0.7554	0.4249	0.844	-0.7645	1.2685	-1.7124	-0.0166	-1.1328
-0.0706	-0.673	0.4275	0.8523	-0.764	1.2985	-1.7147	-0.0202	-1.1285
-0.0379	-0.7568	0.4223	0.854	-0.7705	1.2998	-1.7185	-0.0187	-1.1432
0.2698	0.656	0.2173	0.2121	-0.2527	0.622	-0.6466	0.1809	-0.4857
-0.6436	1.8507	0.2401	-1.6	0.2346	0.7032	-0.1559	0.1659	-0.372
-0.6434	1.8559	0.2249	-1.5874	0.2552	0.6983	-0.0731	0.0978	-0.3624
-0.6486	1.6301	0.2063	-1.5989	0.2215	0.6928	-0.0639	0.1364	-0.3576
1.9126	1.5089	0.5902	0.582	-0.4619	-0.5231	1.0665	-0.9599	-0.0465
1.0118	0.3603	1.2972	0.6977	-0.0261	0.7617	-0.7116	0.0848	0.8222
1.0399	0.3458	1.085	-0.7649	0.1131	0.212	-0.6196	0.6033	0.7451
-0.6883	-0.0747	0.4038	0.8683	0.8762	-0.7566	0.1428	0.2118	1.449
-0.6948	-0.1055	0.4272	0.8692	0.7693	-0.7751	0.1458	0.251	1.4144
-1.2754	0.0045	0.4109	0.6431	0.7615	-0.7975	0.17	0.2206	1.4349
-3.2318	0.6978	3.2001	4.3072	-11.3895	-7.9535	7.9762	-10.4171	4.8513
1.3087	0.0856	1.1535	0.5364	-1.2474	-0.1465	0.2552	-0.5304	-0.7633
1.3031	0.095	1.1609	0.5136	-1.2394	-0.101	0.19	-0.4892	-0.7744
-0.3847	0.7133	-0.3396	-0.7903	0.1129	-0.2022	-0.0846	0.3824	0.0989
-0.3218	0.6908	-0.3191	-0.6227	0.076	-0.1896	-0.0251	0.2797	0.199
-0.3763	0.2131	-0.1804	0.703	0.209	1.4595	0.3098	-1.4856	0.5189
-0.3845	0.2196	-0.1669	0.7023	0.2085	1.4552	0.3323	-1.4928	0.4521
-0.3823	0.2138	-0.1984	0.7022	0.206	1.3657	0.3822	-1.4834	0.5135
-0.3501	0.2104	-0.189	0.7094	0.2154	1.459	0.3346	-1.4961	0.518
0.0343	0.3294	-0.1765	2.2718	-0.49	0.0752	0.5265	-0.2658	0.1275
-0.4343	-1.3742	-0.5204	-0.103	-0.1218	-0.0398	-0.1026	0.422	0.4161
0.4602	-0.2239	0.0495	-0.6467	0.6683	-0.5115	-0.9721	0.8637	-1.3237
-0.0828	-0.0606	0.1313	0.1433	0.1019	0.403	-0.1313	-0.2203	0.0497
-0.2446	0.2881	-0.3418	0.1404	-0.0546	-0.0709	0.0638	0.1977	0.0948
-0.5676	-2.0433	-0.2806	-0.5408	-0.3495	0.5808	0.2053	0.7174	0.173
-0.4467	-0.241	0.7037	1.3603	-0.3282	1.0629	0.2321	0.3271	0.0453
-0.4421	-0.2455	0.7039	1.3457	-0.3297	1.0719	-0.0752	0.5603	0.0435
-0.5173	-0.8317	-0.6776	1.2255	-1.2019	1.0008	-1.0357	0.9973	-0.3617
-0.4679	-0.8266	-0.7623	1.2235	-1.2067	1.0017	-1.0318	0.9987	-0.356
-0.4216	-0.8228	-0.7654	1.223	-1.2031	0.9922	-1.0385	0.9959	-0.3582
-0.5149	-0.8282	-0.767	1.2213	-1.2008	1.0021	-0.9641	0.9922	-0.3528
-0.2501	-1.123	-0.5169	1.0753	0.1981	-0.2136	0.928	-1.2719	-0.1106
-0.2461	-1.1376	-0.4997	1.0805	0.2102	-0.1956	0.9497	-1.4254	-0.0298
-0.2313	0.5331	-0.3985	0.5508	-1.5125	-0.6671	0.8394	0.3538	0.4505
-0.1561	0.5276	-0.4019	0.5547	-1.5021	-0.6771	0.829	0.4498	0.4548
-0.0355	-0.1888	0.1998	1.2456	-0.0159	0.5444	0.1894	-0.5215	0.1091
0.0125	-0.213	0.2161	1.5146	-0.0463	0.4744	0.2297	-0.6163	0.0928
-1.6215	0.6364	-1.9381	2.5161	-0.445	0.9793	1.042	-1.5424	0.1017
-1.6227	0.2952	-1.9301	2.5157	-0.5282	0.9915	1.0223	-1.4714	0.1788
-0.1353	0.2807	-2.5334	0.3747	0.2454	-1.1166	1.1219	-0.1997	0.5406
-0.1029	0.2889	-2.5488	0.3728	0.1887	-1.1164	1.1307	-0.1918	0.5304
-0.1535	0.282	-2.5366	0.3677	0.2538	-1.1141	1.1228	-0.1993	0.5321
-0.4761	0.2447	-1.9646	1.5543	0.0283	-0.2261	2.361	-4.4046	0.4217
0.6114	-0.5696	-0.9692	0.4318	0.2191	-0.0466	0.15	-0.5827	0.4393
1.2222	1.1059	-1.0376	1.2778	-0.3345	-0.0934	0.4141	-0.8283	-0.7716
1.6415	1.1081	-0.8832	1.2808	-0.332	-0.1045	0.4122	-0.8425	-0.773
0.8965	0.7598	-0.158	1.4827	0.26	-0.0071	0.8282	-1.5999	1.0021
0.881	0.7558	-0.1398	1.4121	0.2764	0.0163	0.7176	-1.5934	1.0001
-0.1347	0.8094	-0.3819	0.2764	0.8404	-0.2891	0.5404	-0.347	0.579
-0.1384	0.8152	-0.3804	0.2827	0.8311	-0.2904	0.58	-0.3457	0.5485
0.5976	0.7755	0.0875	0.8447	-0.5318	-0.8498	1.5626	-0.5649	0.071
0.6116	0.7815	0.1988	0.8364	-0.5254	-0.8419	1.4841	-0.5709	0.073
0.6083	0.7809	0.2034	0.8428	-0.5184	-0.8381	1.5731	-0.5743	0.0726
0.3624	-0.1676	-0.5463	1.7881	-0.3213	1.2726	-0.9475	0.6109	0.9539
0.11	-0.1078	-0.4199	1.5108	0.7304	0.9028	0.1612	-0.4345	0.352
0.1176	-0.1037	-0.4359	1.5078	0.6849	0.9	0.1605	-0.4295	0.3444
0.0821	-0.0988	-0.435	1.5092	1.3509	0.9018	0.1129	-0.4191	0.5688
0.7891	0.2407	-0.3793	0.1412	-0.7658	-0.0242	0.2429	-0.0377	-0.034
0.8861	0.2327	-0.4013	0.2189	-0.7678	-0.0495	0.3068	-0.0752	-0.0276
0.8898	0.2189	-0.4154	0.1409	-0.7642	-0.036	0.259	-0.0261	-0.02
0.8869	0.259	-0.3705	0.1358	-0.7578	-0.0557	0.2874	-0.079	-0.0451
0.8122	0.7321	-0.3402	1.1868	0.7783	0.1311	0.2619	-0.4484	0.6044
0.8042	0.6852	-0.3987	1.1799	1.3592	0.2625	0.1355	-0.4339	0.6236
0.497	-0.3641	-0.3279	1.7276	0.8346	0.9884	-0.3316	1.1247	0.274
0.4942	-0.3625	-0.3331	1.7234	0.8292	0.8944	-0.326	1.1259	0.2738
0.4889	-0.3575	-0.3309	1.7212	0.8408	0.9829	-0.3179	0.9412	0.2773
-4.5737	0.2423	1.1855	2.1991	4.5726	9.6593	-10.4351	3.915	-2.4512
-0.2532	1.4765	-0.5388	-0.1092	0.3107	0.2522	-0.079	-0.0675	-1.4322
-0.9369	1.4648	-0.9395	-0.849	0.2303	0.6928	-0.1253	-0.1924	-0.3221
0.25	-0.1322	-2.9639	0.5629	-1.0218	-0.2068	2.3574	-2.1249	-1.7069
0.1467	-2.4909	-3.2199	0.7625	-1.2562	-0.1325	2.317	-2.1989	-1.7056
-0.93	0.5693	-1.3443	-0.6579	-0.3408	-0.4173	-1.6074	2.4166	-1.5788
-0.921	0.5579	-1.3451	-0.6717	-0.3446	-0.416	-1.5987	2.3131	-1.575
-0.9342	0.565	-1.3498	-0.7084	-0.3499	-0.4204	-1.6154	2.4151	-1.5834
-0.8686	0.5639	-1.3582	-0.6713	-0.3461	-0.4268	-1.6072	2.4154	-1.5746
-0.1797	-0.7127	-0.018	-0.7576	0.2781	0.2225	-0.0808	-0.0871	0.1454
-0.1759	-1.0903	-0.0355	-0.5957	0.197	0.2333	-0.0986	-0.061	0.1939
-0.0959	-0.4154	0.0168	-0.1775	0.1183	0.3408	-0.1007	-0.2614	0.0435
-0.0346	0.0567	0.0854	-0.2388	0.1468	0.2617	-8e-04	-0.304	-0.0309
-1.2507	1.8144	-0.4508	-3.0119	-7.9702	-1.2963	9.7299	-1.3834	-0.3415
-0.9942	0.792	15.1084	-0.6645	-0.6201	4.735	11.3268	-9.4659	0.2935
0.1349	0.3556	-4.1771	0.1235	1.0677	-1.4428	-1.9093	-0.2642	1.797
0.3866	-0.661	0.3966	-1.0573	-0.3995	-0.9641	-0.0206	0.8102	-1.012
-1.0595	1.224	0.008	0.1624	1.582	0.5795	0.734	-2.4729	-0.2333
-0.9612	1.5286	0.0824	0.5233	1.3232	0.624	0.7929	-2.5807	-0.3183
1.2057	1.1782	-0.1338	-0.5748	1.305	0.281	0.6312	-2.4016	-0.5066
-2.1554	0.6854	0.0687	1.4272	1.2456	0.9323	1.0526	-3.0218	-0.2103
-2.1551	0.6834	0.0685	1.4309	1.2708	0.9348	1.014	-3.0076	-0.2215
-2.1491	0.6766	0.0688	1.4269	1.2325	0.9325	0.9748	-2.8527	-0.2823
-0.4153	-0.197	-0.788	-0.198	0.0363	-0.6878	-0.3283	0.4552	-0.0341
-0.1006	0.1978	-1.1157	-0.4765	1.1926	-0.3295	-0.6345	0.3591	-1.2692
-0.0945	0.3047	-1.1287	-0.4739	1.4548	-0.3132	-0.7072	0.3653	-1.2768
-0.2273	-1.8162	-0.9382	-0.3018	-0.0802	-0.7358	-0.3887	0.6142	0.2108
1.9871	-0.1085	-0.7766	0.3506	-0.2971	-0.9468	-0.199	0.2333	-0.2579
-0.2424	-0.3431	-0.5779	0.1662	-0.7926	-2.4753	0.291	0.3195	0.2368
-0.238	-0.3454	-0.5156	0.238	-0.7859	-2.4763	0.3019	0.3421	0.2897
-1.2277	-0.672	-0.7934	-0.2371	0.4848	-0.6377	-0.3973	0.5051	0.2572
-0.283	-0.2609	-0.7448	-0.1642	-0.7492	-0.8304	-0.2355	0.4737	-0.1691
-0.2795	-0.2293	-0.756	-0.1604	-0.7602	-0.8003	-0.2106	0.4571	-0.2401
-0.5139	0.0659	-0.694	-0.8705	-0.5206	-0.9995	0.1275	1.2449	-0.1396
-0.5138	0.0617	-0.7008	-0.8704	-0.426	-1.0106	0.2305	1.2369	-0.1088
-0.3785	0.1664	-1.0209	-0.3501	0.7645	0.2733	0.8743	-0.3942	1.0774
-0.3752	0.1603	-1.0166	-0.2774	0.7471	0.2687	0.8726	-0.3945	1.0787
-1.291	-0.3322	-0.6899	0.1637	0.0689	-0.5508	-0.2843	0.3979	0.1022
-0.0173	-0.194	-0.6477	0.4839	-0.0901	-0.7509	-0.1446	0.2253	-0.0294
0.0266	-0.1733	-0.6783	0.4754	-0.0474	-0.7222	-0.1476	0.2511	-0.0046
-0.1748	-0.3019	-0.844	-0.5476	0.0442	-0.8232	-0.4153	0.5066	-0.0339
-0.0063	0.6231	-0.6941	0.0624	-0.0146	-0.7922	-0.1378	0.1789	-0.1743
0.4953	0.206	-0.5336	0.1447	0.3214	-0.5105	-1.9553	1.0222	-0.049
0.4855	0.2102	-0.5569	0.2796	0.3314	-0.512	-1.9515	0.957	-0.0522
-0.0979	-0.3974	-0.7959	-0.0845	-0.0208	-0.7546	-0.2573	0.3806	0.0117
0.7997	-0.3227	-0.7691	-0.015	-0.0788	-0.8369	-0.2803	0.4126	-0.0255
-0.5637	0.1939	0.4868	0.4381	0.8134	-0.1909	1.2273	-1.27	2.0648
-2.8314	0.4858	0.1428	-0.2728	0.4859	0.6597	-0.0401	-0.2942	0.1891
0.2867	0.861	0.4039	0.2933	-0.1048	0.1672	0.3365	-0.5097	0.4667
0.5556	0.9564	0.3849	0.5312	-1.0458	-0.011	0.3242	-0.6073	0.5858
0.5551	0.9633	0.3875	0.5277	-1.0469	0.0267	0.3257	-0.5452	0.577
0.5542	0.9602	0.4278	0.5285	-1.045	0.0191	0.3205	-0.6048	0.5797
-0.0994	1.144	0.4339	0.2386	-0.0982	0.0993	0.5079	-0.6553	0.4975
0.2115	1.112	0.2156	0.0193	2.1673	0.2668	-0.0046	-0.5056	1.0092
0.2659	1.1159	0.2304	0.029	1.8858	0.2209	0.0319	-0.4722	0.9469
5.5699	2.5258	4.0298	1.7196	-1.2469	0.3682	6.8118	-1.3569	4.7555
-0.0215	-0.0358	-0.0154	0.0809	0.1576	0.3633	-0.0888	-0.2187	0.0769
-0.0277	-1.5404	2.2392	0.8786	-1.9329	3.2059	0.9242	-0.5832	1.2235
-0.059	-1.4519	2.1556	0.8151	-1.9637	3.1928	0.889	-0.5298	1.2194
-4e-04	-0.2011	0.2092	1.3914	-0.0528	0.613	0.2687	-0.6141	0.1816
0.0092	-0.264	0.1878	1.4004	-0.047	0.6181	0.2621	-0.6008	0.1657
1.0957	-0.9079	0.5017	-0.0756	-0.6911	-0.9336	-0.5528	1.1694	-1.9758
1.0926	-0.926	0.5018	-0.0715	-0.7036	-0.9533	-0.5452	1.1733	-1.9696
1.0941	-0.9144	0.4982	-0.0688	-0.6856	-0.945	-0.5461	1.1709	-1.9687
1.091	-0.9249	0.5054	-0.0569	-0.6869	-0.9421	-0.5524	1.1807	-1.8375
1.0819	-0.9226	0.5063	-0.0697	-0.6765	-0.8402	-0.5466	1.1681	-1.974
1.0897	-0.9151	0.5033	-0.1103	-0.6821	-0.9387	-0.5479	1.1776	-1.9748
1.0958	-0.9175	0.4922	-0.0632	-0.684	-0.8463	-0.5554	1.1753	-1.9725
1.0938	-0.9217	0.5091	-0.0687	-0.69	-0.949	-0.5333	1.1807	-1.9767
0.5476	-0.3628	-0.0628	0.1806	-0.8185	-0.2421	0.1953	-0.6086	-2.1181
0.3675	-0.6702	0.8231	0.5602	-1.4177	-0.848	1.2581	-2.6025	-1.0579
0.2865	-1.1308	0.2935	0.4194	-0.3623	0.2802	-0.3572	0.0344	0.4422
-0.1091	-0.2439	-1.6944	0.0562	0.2558	0.5517	-0.3025	-0.2177	-0.2189
-2.0847	0.25	-0.4561	0.0477	1.1911	-0.0237	0.6832	-0.3345	0.2951
0.3445	0.8399	1.2126	0.5655	-0.1587	-0.1395	0.1515	-0.351	-0.5378
-4.6026	-0.151	1.1534	2.3697	4.5573	9.6878	-10.4458	3.9696	-2.3291
0.5348	0.0608	-0.0497	-0.2279	1.0828	-0.599	-0.3924	0.6386	-1.5446
-0.6414	0.6604	-0.3492	-0.0989	-0.0346	-0.0676	-0.22	0.2697	0.0028
-0.6501	0.655	-0.3721	-0.1057	-0.0535	-0.076	-0.2372	0.3197	0.0148
-0.6404	0.6583	-0.3251	-0.0958	-0.0355	-0.0559	-0.2524	0.2989	-0.0081
-0.6544	0.6482	-0.3569	-0.1187	-0.0058	-0.0587	-0.2574	0.2933	-0.0046
-0.6403	0.6499	-0.3272	-0.1063	-0.0583	-0.0645	-0.2412	0.289	0.0093
-0.711	-0.4323	-0.4238	-0.2267	-0.0659	-0.0245	-0.2699	0.4421	0.3261
-0.7672	-0.3246	-0.4066	-0.2323	-0.0423	-0.0432	-0.2722	0.4536	0.3187
-0.0567	0.3986	0.0935	-0.1004	0.1175	0.4105	0.025	-0.2972	-0.0012
-0.0872	0.3918	0.0739	-0.0979	0.1216	0.4082	0.006	-0.2902	2e-04
0.941	-0.0082	0.0251	0.3104	-0.1529	0.2702	8e-04	-0.4025	-0.0778
1.3864	-0.234	0.317	0.0962	0.037	1.2468	-0.8049	-0.4513	1.7871
0.9771	-0.7339	-0.1734	0.3619	1.1795	1.3644	0.3279	0.2173	-0.6403
0.9677	-0.7348	-0.1748	0.3607	1.3302	1.3729	0.3285	0.2228	-0.4804
0.9717	-0.7321	-0.1835	0.3613	1.3202	1.3226	0.3366	0.2214	-0.6493
0.9738	-0.7365	-0.1692	0.3598	1.3315	1.3727	0.3381	0.1229	-0.6486
0.966	-0.7264	-0.1768	0.3532	1.1697	1.3701	0.3301	0.2235	-0.6401
0.5382	-1.2015	-0.0104	-0.0744	1.7494	1.441	-0.2272	0.3652	1.6256
0.2384	-0.3375	-2.7334	1.8983	-1.0799	0.0136	2.6124	-2.4777	-1.583
-0.0419	-0.0288	0.3788	1.1313	-1.0787	-0.2333	0.046	-0.4627	0.5036
-0.0348	-0.0298	0.386	1.0409	-1.0762	-0.2566	0.0361	-0.4292	0.5056
0.378	0.2377	0.4989	0.1067	-2.3574	-0.2815	0.3811	-0.2541	-1.467
0.4228	-0.5194	0.4761	0.2324	-2.4657	-0.3335	0.3962	-0.2457	-1.3382
0.1303	-0.2807	0.0805	-1.0672	-1.1806	-0.0118	-2.037	0.6596	0.6669
0.1372	-0.2787	0.0873	-1.0653	-1.2013	-0.0268	-2.171	0.6652	0.6574
-2.2773	-1.1387	0.7829	1.2628	3.6108	0.853	0.2871	5.3449	-12.8635
0.8049	0.9756	0.2476	0.2905	-1.071	0.1811	0.2634	-0.4522	-0.5244
0.8149	-7.6767	-1.0191	-2.1131	-3.2823	-7.4721	18.4748	0.8586	11.7863
-1.217	0.5888	1.2304	0.379	0.1249	0.0313	0.0069	-1.0002	0.1892
-1.2132	0.6554	1.2159	0.3791	0.1397	0.0518	0.0037	-1.0028	0.1968
-0.7382	0.5554	0.5896	0.3206	0.0769	0.0852	0.0423	-0.6908	0.0799
-0.7441	-1.0959	-4.2268	1.6163	1.2553	1.1121	-10.2193	4.9705	-1.2624
-0.7948	-1.1411	-4.2793	1.3894	1.2631	1.0892	-10.2571	5.0544	-1.2673
-0.2092	-0.4431	0.2149	0.1722	0.9399	0.4664	0.5731	-0.8388	1.1724
-0.2809	-0.4399	0.2123	0.1551	0.9489	0.4681	0.5767	-0.829	1.2887
0.7399	0.3801	0.2896	0.2497	-0.0761	0.2611	0.7057	-0.9234	-0.4783
-0.3565	-0.0529	0.7578	0.2681	0.4153	-0.2458	1.1545	-1.4507	0.6209
0.3557	-0.3638	-0.0738	-0.173	1.46	0.7378	-0.2223	0.578	0.4124
0.0894	0.0981	-2.5803	0.5627	1.951	-0.1498	0.0363	-0.5369	-2.8847
0.0799	-0.0083	-3.9364	0.3637	2.1169	-0.211	-0.2831	-0.2993	-2.8133
0.0653	-0.0062	-3.9386	0.3481	2.0742	-0.21	-0.2734	-0.3019	-2.8158
0.0717	-0.0228	-3.9305	0.3401	2.1195	-0.1632	-0.3115	-0.3149	-2.8066
10.1617	0.236	-0.1026	-3.8407	1.8484	-1.6273	5.933	1.1216	-8.0228
10.1777	0.2374	-0.1096	-3.816	1.8517	-1.651	5.9344	1.1553	-8.0271
-0.2306	0.4287	-0.6624	-0.4422	1.116	-0.2767	0.4244	-0.0672	0.0841
-0.3424	0.9712	-0.3048	-0.0064	-0.0766	-0.1408	0.095	0.0831	0.0283
-0.4046	-0.2895	-0.4234	-0.0804	-0.1595	1.3823	0.4892	-1.8556	-0.2656
-0.3993	-0.2824	-0.4432	-0.0629	-0.1548	1.2908	0.9322	-2.8713	-0.2742
0.397	0.6277	-0.0104	0.598	-0.6794	-0.5496	1.3236	0.1324	0.6768
1.0754	1.725	1.2093	-0.0946	-0.0238	-0.0519	0.1265	-0.5238	-0.7868
0.0158	-0.3392	-1.4078	1.7813	-0.3338	0.4573	-0.9144	-0.3614	0.5983
0.0051	-0.3526	-1.4156	1.776	-0.33	0.4276	-0.9273	-0.375	0.6017
0.0046	-0.3396	-1.4099	1.6853	-0.321	0.4637	-0.9263	-0.3747	0.6026
0.3014	0.6428	1.0608	-0.1182	-6.3084	1.4185	5.0497	-4.2889	3.547
0.4992	0.4824	0.9945	-1.2113	1.4051	-0.0123	-0.3469	-0.1678	-0.2311
-0.2668	0.641	-0.4109	0.0581	-0.0105	0.0224	-0.0461	0.1411	0.0776
0.4219	0.3986	0.5947	0.0457	0.8254	-0.0707	0.9836	-1.3625	1.0164
0.4178	0.4333	0.5844	0.0472	0.8361	-0.0595	0.9841	-1.3654	0.9294
-0.071	0.6847	0.0803	-0.2376	1.1705	-0.7863	0.8186	0.1969	0.4956
0.1445	0.2571	-0.4687	0.0473	-0.7648	-0.5723	0.7717	0.9378	-0.1454
0.1144	0.2554	-0.4649	0.0316	-0.7573	-0.5702	0.7765	0.9402	-0.1578
0.1348	0.2558	-0.4641	0.0612	-0.7589	-0.5774	0.7824	0.9468	-0.1571
1.2	0.6372	0.8823	-0.0554	0.7587	-0.0732	0.5266	-0.9785	0.6594
1.2145	0.647	0.8538	-0.0796	0.7708	-0.0892	0.5021	-0.951	0.6345
1.0182	0.0119	1.2008	-0.0063	0.553	-0.1331	0.4618	0.3257	-0.1498
0.4353	-0.5486	0.382	-1.289	-0.376	-0.9875	0.0203	0.8209	-1.0204
-1.0808	0.0492	-0.3232	0.4293	-0.0634	0.1798	0.237	0.0169	0.2772
-0.9417	0.0409	-0.3082	0.5386	-0.0819	0.1174	0.2812	-0.0153	0.3138
-0.2604	0.9832	-0.3963	-0.499	0.0227	-0.1271	-0.0964	0.2616	-0.0469
0.2636	0.4136	-1.9993	-0.6176	-1.5286	-5.0228	-0.808	-4.1756	0.9772
0.2773	0.4249	-1.9774	-0.6223	-1.5353	-5.0282	-0.7697	-4.1905	0.9683
-0.1314	1.732	-0.3286	-0.0399	0.0325	-0.1416	0.1076	0.1095	-0.1694
0.8359	3.3836	1.046	-0.7867	0.8706	1.0529	-9.2706	-0.7021	-2.2528
1.2347	0.5993	0.741	-0.0065	0.7479	-0.0771	0.5133	-1.1645	0.483
0.37	-1.61	0.4425	0.5332	-0.7742	-5.3137	0.4601	1.1622	4.0146
-3.6835	-2.3607	-5.427	-0.9432	-4.8358	-1.8989	-7.5238	14.7685	-6.3337
-3.6431	-2.5374	-5.4299	-0.723	-4.8869	-1.897	-7.4479	14.6958	-6.2399
0.401	0.829	-1.8028	-0.342	2.0528	0.2965	-0.9412	0.9772	-2.9166
-0.3365	-0.2592	-0.3748	0.4113	-0.1714	0.5032	0.0091	0.1521	0.0814
0.0399	-0.2107	-0.611	0.2619	-0.2943	1.131	-1.2884	0.8553	-0.3687
0.0432	-0.2084	-0.6068	0.2687	-0.3233	1.1367	-1.2963	0.851	-0.3653
0.0375	-0.2098	-0.6041	0.269	-0.3245	1.1363	-1.2879	0.8628	-0.3618
1.5904	0.2151	0.2277	-0.7457	-0.3239	-0.0232	-0.9412	1.1862	0.0391
0.6415	0.0018	1.0145	1.0439	-0.1609	0.4027	-1.08	-0.0385	0.4287
-0.7479	-0.1824	0.0659	0.005	-0.5152	0.3807	-0.7233	0.7326	0.4924
-0.8774	0.174	0.0313	-0.117	-0.323	0.4621	-0.4036	0.8721	-0.5456
-0.8697	0.1726	0.0627	-0.1052	-0.3229	0.4701	-0.3939	0.7436	-0.5617
-1.3242	-0.0817	-0.6895	-1.3092	-0.5277	-0.1158	-0.4541	1.9348	-2.9172
-1.2039	-0.1431	-0.6838	-1.3138	-0.5296	-0.1097	-0.4391	1.929	-2.9116
-1.2564	-0.0501	-1.4011	-1.2642	0.2196	0.2909	-0.5271	0.9284	0.0808
-1.2648	-0.0511	-1.392	-1.2663	0.2555	0.2958	-0.5197	0.879	0.056
-1.5533	0.026	-1.5293	-1.6604	0.4765	1.0586	-0.8454	1.0341	-0.1047
-1.5464	0.0352	-1.529	-1.6621	0.4567	0.6551	-0.7588	1.0413	-0.0334
-3.2513	1.0532	2.4987	-0.8473	0.9119	1.2955	1.7848	1.6144	-4.1162
-3.2464	0.9039	2.5179	-0.948	0.9299	1.2219	1.7389	1.6835	-3.9925
0.9385	-0.0786	0.3318	0.4187	0.158	1.4167	-0.0023	-0.9127	1.7807
1.036	-0.0833	0.3354	0.4262	0.109	1.3012	7e-04	-0.9095	1.7634
0.8244	0.8099	0.4169	-0.1709	0.2935	1.1219	-0.1331	-0.8029	1.6587
-0.0635	0.2088	-4.1939	-0.4055	-0.6515	3.4143	4.4394	-4.564	1.9821
-0.0664	0.2476	-4.1851	-0.419	-0.6477	3.3837	4.4446	-4.5369	2.0008
-1.288	0.1461	-0.4676	-2.0405	-0.2969	-0.2442	-0.2231	0.6837	0.1123
-1.2886	0.13	-0.4841	-2.0412	-0.2346	-0.2726	-0.2204	0.6957	0.1185
-1.2491	0.1472	-0.4029	-1.3807	-0.3201	-0.1583	-0.1469	0.5401	0.0319
-1.2182	0.1759	-0.3646	-1.2535	-0.3623	-0.1537	-0.158	0.5651	0.0136
-1.3092	-0.2877	-0.1856	0.6508	-1.5081	0.0033	0.2865	0.068	-0.0691
-1.3066	-0.301	-0.1734	0.6409	-1.3498	0.0243	0.2704	0.1293	-1e-04
0.4697	-0.7764	0.7147	-0.1457	-0.3469	-0.991	0.3411	0.6334	0.1219
0.479	-0.7739	0.6951	-0.1302	-0.366	-0.9884	0.3608	0.6248	0.1194
0.7318	1.0101	0.3592	0.275	-0.7698	-0.9005	0.1387	-0.3104	0.4633
-2.1779	-0.0186	-1.1938	1.4747	-0.0045	1.7927	-0.6229	0.63	-0.148
-1.3355	0.2351	-0.9694	-1.0135	-0.9953	-0.4997	-0.2554	1.7961	-1.6545
-1.3497	0.231	-1.0019	-1.0133	-0.9492	-0.4408	-0.2666	1.7844	-1.6054
-0.1805	0.9208	0.0987	0.6361	0.9718	-0.4601	-0.2356	0.6405	0.021
-1.8854	0.49	0.0868	0.0976	0.4043	-0.2521	-0.1474	0.6029	0.2079
0.0187	0.5806	0.1095	0.0285	0.2086	-0.3528	-0.1082	0.5682	-0.056
0.5047	0.5924	0.1796	0.4603	-0.5157	-0.4521	0.0069	0.556	-0.221
0.5092	0.5862	0.1523	0.4843	-0.464	-0.4451	-0.0211	0.5787	-0.2603
-0.2894	0.543	-0.2791	0.1455	-0.089	-0.0109	0.0102	0.127	0.1567
0.4163	0.211	0.0177	0.5091	1.312	-0.5514	-0.0596	0.1743	1.0902
0.4322	0.1794	-0.0325	0.5063	1.3185	-0.5624	-0.0713	0.1724	1.085
0.4336	-0.0346	0.0677	0.6452	1.1165	-0.5101	-0.062	0.1629	1.0786
0.0058	0.2097	-0.7977	-0.6754	-0.381	1.5442	0.2393	-0.2621	-2.0209
0.0055	0.1837	-0.8478	-0.6721	-0.3913	1.5464	0.2264	-0.2498	-2.0257
-0.2046	0.3091	-0.3885	-0.9013	-0.0321	1.4802	0.529	-0.3599	-2.145
0.7543	0.0849	1.1746	0.145	0.645	0.0083	-0.0494	-0.5627	-0.2445
0.4795	-0.7622	0.3149	1.0931	1.085	-1.4767	0.4197	0.8896	0.9085
0.8095	0.0554	0.4126	1.2109	1.3519	-1.6741	0.422	1.0144	0.9273
0.8041	0.0215	0.4232	1.2083	1.2173	-1.677	0.427	1.0243	0.9265
0.8218	0.0342	0.3997	1.2122	1.3484	-1.6859	0.4271	1.0139	0.9261
0.6565	1.0412	0.3855	0.895	1.249	-1.5019	0.4473	0.7751	0.6916
1.0504	0.2557	-3.117	-0.4212	-3.9206	-0.5102	1.6658	-0.606	-1.4637
0.4137	-0.4119	-0.056	-0.5794	0.7722	0.5732	-0.1298	0.6356	0.3666
0.9211	-0.288	-0.0148	0.5594	0.8196	0.7749	0.0086	0.4335	0.476
0.9284	-0.2842	-0.0156	0.5601	0.8242	0.7788	0.0101	0.4767	0.4298
-0.0932	-0.9003	-0.0802	-0.6893	1.1613	0.7405	-0.2631	0.6548	0.5394
-0.0985	-0.8913	-0.1113	-0.6844	1.1497	0.6967	-0.2659	0.6414	0.5396
-0.4374	-0.8897	-0.0799	-0.6169	1.1872	0.7691	-0.2312	0.6577	0.5894
0.4567	-0.4839	-0.016	0.3934	0.9685	0.7523	0.0247	0.3147	0.4593
0.4241	0.2776	0.0013	-0.2475	1.4991	0.7102	-0.0931	0.4356	0.4026
0.7281	-1.0734	0.1847	0.6054	-1.0635	-0.8143	0.0208	-0.2416	0.6925
-0.0635	0.9172	0.0199	-0.6823	0.2913	0.191	-8e-04	-0.3126	-0.1143
-0.0519	0.9185	0.0063	-0.5966	0.2953	0.2198	-0.0053	-0.3166	-0.1
-0.1547	-2.2938	0.0254	0.4194	-0.1594	0.4814	-0.0518	-0.0651	0.4703
0.0127	4.421	-1.5107	0.1188	0.8691	0.8394	-0.9473	0.781	-0.0582
-0.3252	0.1089	0.1171	1.1387	0.9739	-0.4411	0.4121	-0.1025	1.1775
-0.5139	0.0839	0.4497	-0.1491	0.749	-0.675	0.6779	-0.1213	0.3989
-0.479	0.0559	0.5541	-0.0733	0.5146	-0.6979	0.7072	-0.122	0.3734
-0.4696	0.0732	0.5497	-0.0775	0.5333	-0.7231	0.729	-0.0999	0.3918
0.6997	1.0635	0.0579	-0.1427	1.1795	0.264	0.636	0.0182	0.0279
0.6967	1.0679	0.0416	-0.1488	1.3194	0.2735	0.4918	0.0151	0.0356
-1.0802	0.04	-0.5762	-0.9904	0.6235	-0.8202	-1.1829	1.6239	0.1948
-1.4608	-0.0932	-0.6069	-0.8578	-0.0966	-0.6525	0.4635	0.169	0.1158
-1.464	-0.0828	-0.4937	-0.8538	-0.1562	-0.6831	0.4977	0.1666	0.1295
-1.3387	-0.0852	-0.606	-0.8557	-0.1624	-0.6811	0.4813	0.1529	0.0717
-0.4107	0.274	-0.2573	0.2188	-0.5209	-0.7173	0.7137	-0.2014	-0.2417
-0.3316	0.2758	-0.2563	0.2164	-0.5255	-0.799	0.7111	-0.1939	-0.2428
-0.0623	0.2704	-0.0022	0.7469	1.981	-0.6949	1.1332	-1.1232	1.2173
-0.0618	0.2448	-0.0081	0.7428	1.9916	-0.6199	1.1267	-1.1244	1.2129
-0.0996	-0.9999	-1.4274	0.213	-0.3301	-1.7173	1.2894	-0.1227	-0.6127
-0.1082	-0.9922	-1.4297	0.2018	-0.3308	-1.7201	1.2965	-0.1042	-0.7686
-0.4507	-0.0318	-0.258	-0.0284	0.3272	-0.6317	0.6867	-0.1274	0.1722
-0.8781	0.1869	-0.337	-0.8109	0.5523	-0.6558	0.4385	0.1075	0.1962
-0.4503	-0.8238	0.2575	0.5556	0.1691	-1.8402	-0.8411	0.7263	1.0384
-0.4671	-0.7337	-3.1202	-1.8004	-0.1318	2.846	1.1388	4.0975	-1.16
1.0284	0.8873	1.1464	1.3124	-1.5167	-1.1753	1.2781	0.2337	-0.4393
1.0313	0.8846	1.0811	1.3107	-1.5147	-1.3021	1.2707	0.2255	-0.4376
-0.1452	0.1098	0.1698	-0.5879	-1.0634	-1.0556	0.0146	0.5868	1.7485
-0.1495	0.1587	0.2157	-0.573	-1.0627	-1.0564	0.0117	0.5872	1.7607
-0.1442	0.1606	0.1715	-0.583	-1.0645	-1.0488	0.0146	0.5801	1.7562
-0.1458	0.152	0.1723	-0.3507	-1.0737	-1.0594	0.0208	0.5792	1.7516
0.9524	0.6001	0.5021	0.5949	-0.635	-1.323	1.4292	-0.9327	0.7422
0.5562	-0.5863	0.3981	0.3563	-0.5296	-1.0388	0.2309	0.1252	0.9946
0.2015	0.4914	-0.0089	0.0549	1.1341	-1.6604	-1.3626	-0.5211	1.2545
0.9416	-1.0717	0.0926	-0.2761	0.1414	1.534	-1.9806	-0.4922	1.6839
0.9332	-1.0735	0.0124	-0.2951	0.1429	1.5823	-2.1626	-0.4944	1.6582
0.816	0.3108	1.0334	-1.1026	0.8047	-0.1991	-0.2273	-0.1169	-0.325
-0.1054	-0.4042	0.4339	0.0526	0.4939	-1.7023	0.8348	0.8383	1.3867
-0.1097	-0.4472	0.4404	0.0481	0.4722	-1.6997	0.8325	0.8363	1.3873
0.416	-0.063	0.2526	0.8564	0.2497	-1.8422	1.1273	0.6285	-0.6942
0.2532	0.3132	0.4353	0.2801	0.3474	-1.573	0.8992	0.6549	0.4829
-1.1669	-0.3013	0.046	0.2793	-1.5125	0.1419	-1.2287	0.7091	-0.8947
0.2074	-0.4387	1.1732	-1.6941	-0.1362	-0.2647	0.3783	0.5635	-0.2229
0.2103	-0.3727	1.1846	-1.6968	-0.1281	-0.2696	0.3947	0.5329	-0.2375
1.1492	1.1302	1.1803	0.1216	-0.0132	-0.1033	0.0567	-0.5223	-0.6676
1.6217	1.351	1.2784	0.1985	-0.333	-0.246	0.1704	-0.5631	-0.6921
0.2922	-1.6369	1.9283	0.7405	-0.4179	-0.1908	1.1927	-0.563	0.7918
-0.0973	-1.7893	0.1023	0.3943	-0.0975	0.5364	-0.0233	-0.1879	0.2323
4.0271	-0.7965	3.5783	-1.2783	-2.0475	-3.1155	1.6715	-0.1541	-2.0518
4.0253	-0.7967	3.5228	-1.307	-2.0091	-3.1751	1.6796	-0.1625	-2.039
4.0755	-0.6837	3.5647	-1.285	-2.0304	-3.1428	1.6869	-0.1576	-2.0514
3.9967	-0.7216	3.5353	-1.2932	-1.9885	-3.124	1.6456	-0.1413	-2.0786
4.0707	0.2334	3.6237	-1.5034	-1.9424	-3.113	1.6183	-0.2217	-2.426
4.0326	0.2432	3.639	-1.4542	-1.9576	-3.1346	1.6372	-0.2552	-2.3417
-0.2335	0.3959	-0.2862	0.2291	-0.0764	-0.1328	0.0603	0.0433	0.0782
-0.3861	1.0648	0.2195	-1.0811	0.9259	-0.5173	-1.03	0.8401	-1.3647
-3.5325	1.2861	5.8405	5.512	0.8151	14.7529	-9.4396	7.1341	-4.709
0.5995	0.383	1e-04	-0.5708	-0.0092	-0.3446	0.0048	-0.0698	0.0745
-1.0725	-0.8029	0.3743	-0.1992	-0.4876	-0.4812	0.0818	0.6118	-1.0339
-0.2758	-0.4182	0.2579	-2.3285	-0.1017	-0.8866	-0.2898	1.102	-1.1395
0.1237	-0.4609	-3.2144	-1.7513	-0.1835	2.773	1.0725	4.0292	-1.3593
0.1778	-0.0457	-3.1016	-1.9123	-0.043	2.7706	1.046	4.0155	-1.4448
0.1733	-0.208	-3.2258	-2.157	-0.1387	2.7035	1.0089	4.0692	-1.6103
-0.1111	2.1814	1.8901	0.2682	-0.7612	1.8631	0.7545	-0.1692	-1.3386
-0.3996	0.2138	1.2867	-1.1813	1.2181	0.2192	-0.4032	-0.1166	-0.5483
-0.6669	0.2367	-0.4937	-0.3947	0.0304	0.7406	-2.3233	0.7168	-1.5136
-0.4267	-0.0212	-0.305	-0.3207	0.8364	-1.0696	-0.1243	0.3042	1.0048
-0.4733	0.9439	-0.2464	-0.6141	0.6998	-1.292	0.0479	1.4228	0.7255
-0.4757	0.9484	-0.2436	-0.6188	0.6834	-1.2065	0.0363	1.6089	0.7226
-0.1988	0.7637	-0.2281	0.094	-0.3365	-1.2171	-0.2207	-1.1301	1.3479
1.0699	1.3824	0.0535	0.1088	-0.0411	0.2875	-0.2512	-0.4562	-0.875
0.4644	-1.8208	0.468	-0.0404	-0.656	-0.7367	0.121	0.6742	-0.9014
-0.4612	-0.231	-0.7666	-0.2283	1.2764	0.2901	-0.6327	0.8414	0.5536
-0.4465	-0.2293	-0.7612	-0.2236	1.2799	0.2876	-0.6303	0.837	0.557
-1.3818	-0.3823	-1.3322	-1.0466	-0.5292	-0.446	-0.6786	1.5099	0.0513
0.205	0.6592	-0.2933	-0.4062	-0.1176	-0.2	0.0217	0.1829	-0.0534
0.9381	-0.287	1.08	-0.2229	0.7896	0.0599	-0.1823	-0.3464	-0.2313
0.8279	-0.3049	1.0928	-0.2298	0.874	0.0876	-0.1942	-0.3285	-0.2027
0.9792	0.2297	1.0808	-0.1565	0.7176	-0.021	-0.0948	-0.2796	-0.3564
1.0239	0.2042	1.1005	-0.1585	0.74	-0.0779	-0.0655	-0.2943	-0.2953
0.5091	0.5575	0.1242	1.1896	-1.5184	-1.7823	1.1977	-0.0196	0.3566
0.5125	0.5596	0.1176	1.1845	-1.5057	-1.791	1.1981	-0.0252	0.3325
0.745	-0.6667	0.6513	1.1799	-0.5862	-0.6574	0.4947	0.2129	-1.0057
0.7595	-0.6754	0.6377	1.2906	-0.5956	-0.6281	0.4948	0.1861	-0.9777
1.7226	0.251	-0.277	0.922	-1.5218	-0.2576	0.8207	-1.2099	-0.5188
0.5971	0.1583	-0.0915	1.1326	-0.775	-0.3486	0.5872	0.401	0.4828
0.1255	-0.5182	0.2454	1.4298	-0.176	0.5224	0.1956	-0.5378	0.1553
0.1012	-0.8715	0.1659	1.2892	-0.0545	0.5643	0.2155	-0.4853	0.2313
0.5593	-2.5874	-0.8384	0.8365	0.1844	-3.7133	-3.6827	8.8549	2.3612
0.6342	-2.5877	-0.7572	1.5657	0.0078	-3.6502	-3.5858	8.7119	2.4
-0.4816	-0.0273	-0.7271	1.6736	0.1856	3.1473	-0.1527	-0.7745	-1.1443
-0.2835	0.1029	-0.7088	0.9277	0.306	-0.3728	0.5552	-0.5305	0.455
-0.2805	0.1045	-0.7162	0.9186	0.3075	-0.3382	0.5451	-0.5348	0.4513
-0.2854	0.115	-0.7054	0.837	0.3072	-0.3684	0.5635	-0.5287	0.4479
-0.2816	0.1049	-0.7128	0.9199	0.3042	-0.3713	0.5523	-0.5361	0.4492
-0.2841	0.1025	-0.7139	0.9239	0.3048	-0.3743	0.5531	-0.4966	0.4522
1.5729	0.3765	7.534	-3.8794	-0.5418	-14.2602	-6.7864	13.9099	12.9523
-0.1371	0.007	0.1374	-0.4604	0.1743	0.3374	-0.0356	-0.1228	0.0405
-0.3732	-1.437	-0.8456	-0.7255	-0.4441	-0.1176	-0.1475	0.367	-0.0613
-0.23	1.1406	0.1707	0.7945	0.0594	0.3652	0.1688	-0.5802	-0.0973
1.0187	0.0259	0.2136	0.1522	-1.0759	-2.2313	1.1281	1.0148	0.2605
-1.474	0.7419	0.0528	-1.7216	0.4247	0.9664	0.3128	-0.0222	-0.2924
-1.1616	0.4066	-0.1572	-1.9707	-0.2391	-0.6718	0.5198	0.7245	0.0057
-1.2649	2.7257	-0.5726	-1.0841	-0.1581	0.6733	-2.4089	1.4755	-0.9219
-2.0972	2.2198	-0.7313	-2.1326	1.9213	0.8256	-2.4002	1.5323	-0.4063
0.5278	1.4679	-2.2239	0.7083	1.3973	0.5434	-0.2772	-2.244	-1.0541
-0.6275	-0.8366	-0.3532	0.2637	0.2205	-0.3436	0.5629	0.9312	0.8033
-0.6296	-0.8433	-0.3636	0.2743	0.2226	-0.3366	0.5732	0.8574	0.8001
-0.6267	-0.8273	-0.3513	0.2668	0.1821	-0.3409	0.5621	0.9256	0.7951
-0.6252	-0.8282	-0.3566	0.2692	0.1999	-0.3426	0.5616	0.9212	0.8022
-0.6242	-0.8373	-0.3651	0.2638	0.2229	-0.3407	0.4813	0.9241	0.8055
-0.6308	-0.8351	-0.363	0.2769	0.2281	-0.3498	0.5588	0.9221	0.8054
0.4946	0.3231	1.4623	-0.8086	-0.3259	-0.5613	-2.2604	1.4452	-1.5826
0.4235	0.2939	-0.2466	1.0525	0.7331	1.1228	0.6949	-2.6629	-1.425
0.296	0.3418	-0.4105	-1.8949	0.8974	0.0692	-0.9817	0.0194	-0.5792
0.3305	1.7497	-2.3986	-1.9867	1.7946	0.238	-0.6129	-1.535	-1.0908
0.38	1.9598	-2.2586	-0.9296	1.8999	0.4634	-0.5388	-1.8575	-1.2614
1.2134	-0.2769	1.4897	0.1454	0.9935	0.4051	-0.0257	-1.0209	-0.0209
1.2726	-0.0416	1.5578	1.2262	0.8489	0.5291	-0.1121	-0.6722	-0.102
1.6658	0.4058	1.7518	0.6385	1.1355	0.6948	-0.2305	-0.5221	0.044
1.6623	0.4102	1.749	0.5835	1.1221	0.7447	-0.2359	-0.5283	0.0404
1.1475	-0.1306	1.4908	0.404	1.0117	0.4574	-0.2229	-0.5016	0.0553
1.2126	0.1123	1.4231	-0.2568	1.0483	0.2507	-0.3847	-0.0979	-0.0285
-0.2128	-1.8344	-0.0131	0.5179	-0.0121	0.5217	0.0234	-0.384	0.2945
0.4584	0.1653	0.4121	0.6249	-0.3479	-0.2996	0.8192	-0.5989	0.2129
0.4341	0.1177	0.4122	0.633	-0.3504	-0.2975	0.8269	-0.6019	0.2282
1.0851	0.5076	0.521	-1.8019	1.1061	-0.0987	0.07	-0.5261	0.2864
-3.0329	-0.0465	-0.9039	-3.425	-0.4217	-0.1279	-0.4099	0.8618	-0.267
-1.7208	0.1088	-0.9147	-3.386	-0.2472	-0.2366	-0.4732	0.8998	-0.4106
-0.1026	0.9745	2.1158	-0.6496	0.1145	0.0569	0.035	-0.15	-0.3039
-0.0742	-0.2279	1.726	-0.4467	0.1297	0.0575	-0.0356	-0.1811	-0.1647
0.6458	0.081	-0.0341	-0.1639	0.2177	1.9807	-0.4591	-0.3144	-0.4677
1.0196	0.5285	0.1259	0.0666	-0.762	-0.5679	0.8356	-0.2073	0.551
1.0182	0.5204	0.1203	0.0702	-0.7626	-0.5546	0.8206	-0.2076	0.5494
2.1711	-1.9736	2.3769	-10.3172	-1.0328	-9.8709	-9.8597	10.6101	-7.7459
-1.1585	0.7625	1.3862	0.0905	-0.0436	0.0725	0.7768	-0.896	1.5676
-0.4231	-1.1843	0.4547	0.341	-0.1679	1.0957	0.332	-0.2899	1.653
-0.0928	-0.1223	-0.4233	0.5095	0.5453	-0.1008	0.6834	-0.366	0.0828
-0.198	0.0265	1.8103	0.4689	-0.1516	-1.5271	0.3438	1.2701	1.4348
0.125	0.1771	1.9708	0.4715	-0.8839	-0.8462	0.4033	2.3695	-2.1531
0.0381	-0.5351	1.8956	1.046	-0.895	-0.6681	0.4376	2.2393	-2.3725
0.0467	-0.5223	1.9295	1.0482	-0.8939	-0.6845	0.4591	2.206	-2.3773
0.04	-0.5281	1.9306	0.9419	-0.9019	-0.6731	0.4297	2.2285	-2.3893
0.097	-0.1432	2.0238	0.5506	-1.247	-0.8923	0.5149	2.3571	-2.2338
-0.0119	0.243	1.8909	-0.3928	-0.7724	-1.027	0.4054	2.496	-2.2192
-0.0965	-0.1046	0.7145	-0.3423	1.9028	-0.6415	0.2044	1.1771	-1.9276
-0.1148	-0.1036	0.7019	-0.3664	1.9007	-0.6336	0.183	1.198	-1.9329
-0.2716	0.2446	0.6837	-0.5885	2.0007	-0.6116	0.2294	1.2113	-1.9749
0.7329	0.1597	0.9969	-0.8769	2.153	-0.7927	0.2478	1.4257	-1.9283
0.7251	0.1624	0.9946	-0.8703	2.1536	-0.787	0.2389	1.4109	-1.9241
-0.0841	0.2398	0.117	0.1017	-0.5095	-2.0524	0.8945	-0.1398	0.6065
-0.082	0.2309	0.1124	0.0948	-0.5239	-2.0515	0.8901	-0.1434	0.6083
-2.4688	-0.5524	1.2459	0.0907	-0.833	8.9833	-7.2455	-0.1427	3.5169
-2.4872	-0.6079	1.2549	0.0555	-0.6622	8.9664	-7.2517	-0.0866	3.5553
0.5509	0.4019	-0.498	0.3872	0.8115	-0.2736	0.5919	-0.2949	-0.0573
1.1797	0.1384	1.4615	0.3198	-0.1582	0.1375	0.2231	-1.2368	-0.698
1.1786	0.1291	1.4157	0.3332	-0.1541	0.1385	0.2201	-1.2355	-0.7098
1.1693	0.1208	1.4627	0.3102	-0.1637	0.1348	0.2163	-1.2306	-0.6977
1.1677	0.1199	1.4612	0.3346	-0.1447	0.1381	0.2247	-1.2271	-0.6993
1.2167	0.1824	2.0148	0.2135	0.696	0.0845	-1.4007	0.6006	0.0462
-1.353	-0.356	-0.5719	0.5509	-0.3586	-0.6368	0.8629	0.2643	0.2773
-0.6915	-0.3966	-0.9261	0.7033	-0.3579	-0.5864	0.4298	0.3383	0.0953
-0.695	-0.3975	-0.9343	0.7059	-0.3992	-0.5839	0.4244	0.3639	0.1173
-0.3991	-0.3298	-0.4974	0.7113	-0.5191	-0.7675	1.7081	-0.1364	0.1913
0.6535	1.9002	2.258	-1.4495	3.0597	-4.1206	1.1792	-4.5238	-2.2355
-0.2674	0.2112	-0.1059	-0.1033	2.3744	0.3887	-0.1921	-0.2311	0.6155
-0.3239	0.2174	-0.1045	-0.1399	2.3731	0.3861	-0.1897	-0.2423	0.6736
1.0832	-2.2879	0.3619	0.7329	-0.9437	-5.3117	0.4038	1.3347	4.0825
-0.2602	0.0413	-0.049	-0.3733	1.1226	0.5293	-0.2218	-0.221	0.2882
-0.2776	0.0762	-0.0639	-0.3532	1.2658	0.5475	-0.1881	-0.2583	0.3263
0.8749	-0.0478	0.0665	-1.7894	0.865	-0.6614	-1.2751	1.2472	-1.303
0.8445	-0.0396	0.0621	-1.7736	0.8646	-0.6309	-1.2604	1.2178	-1.3288
1.6436	1.4096	0.0589	-2.1008	0.8276	-0.8288	-1.2062	1.092	-1.5988
1.4685	1.4061	0.0646	-2.2998	0.9076	-0.8329	-1.2452	1.1767	-1.5706
0.8804	0.2835	0.0767	-1.8389	0.8434	-0.719	-1.2838	1.1863	-1.3587
0.9259	0.2763	0.067	-1.8163	0.8229	-0.7105	-1.2619	1.1426	-1.3662
1.5349	-0.7216	0.8792	0.5705	-2.2772	-0.0866	0.4406	-1.1205	-1.136
1.2277	-1.1287	-0.1001	0.4371	-0.3205	-0.0999	-0.654	-1.895	-1.1767
1.2164	-1.1333	-0.096	0.3954	-0.3296	-0.2281	-0.6636	-1.8992	-1.176
1.2151	-1.1396	-0.1042	0.4318	-0.3333	-0.2363	-0.4797	-1.9137	-1.1775
1.2236	-1.1381	-0.1033	0.4263	-0.3203	-0.2425	-0.665	-1.6719	-1.1751
1.7557	-0.6067	2.2356	0.3562	-0.6852	0.2969	0.7862	-0.3927	-0.3412
1.7568	-0.6073	2.2196	0.3528	-0.6868	0.2871	0.8545	-0.4786	-0.3504
1.7614	-0.6164	2.066	0.3556	-0.6815	0.2873	0.8503	-0.3989	-0.3562
1.7449	0.353	0.9995	0.6158	-0.3261	-0.3068	1.0671	-1.5814	-0.5019
1.7447	0.4398	1.0074	0.6082	-0.3225	-0.2459	1.0668	-1.5926	-0.494
-0.216	0.2253	-0.34	0.2088	-0.3254	-0.1209	0.0436	0.1825	0.1273
-1.0767	2.2354	1.2585	-0.0936	-4.2092	0.0139	-0.5358	0.5484	-1.9237
1.9149	0.4417	0.241	0.8063	1.1113	-0.203	-0.6807	-0.388	-0.725
0.0029	-0.0655	0.2592	1.2938	-0.1064	0.5269	0.3578	-0.6032	0.0193
-0.1726	-2.736	0.0143	0.9401	-0.141	0.4863	-3e-04	-0.1681	0.4777
-0.0982	-2.2314	0.0409	1.3448	-0.2763	0.5172	0.0697	-0.3418	0.3835
0.4613	-0.6279	0.4273	-0.8067	-0.4788	-0.8284	0.0086	0.7192	-1.0936
-0.2558	0.1804	-0.0245	-0.9915	0.3239	0.2147	-0.2655	0.0566	0.0848
-0.0283	0.7955	-0.1345	0.1308	0.7092	-0.3314	-0.2953	0.3511	0.1945
-0.0257	0.7976	-0.138	0.1287	0.643	-0.3283	-0.3294	0.3979	0.1924
-1.3706	0.7311	1.1605	-0.0398	-1.5091	-0.1939	-0.8231	-0.4329	0.0396
0.4365	-0.2514	0.1515	-0.8193	0.7253	-0.4295	-1.0723	0.8702	-1.3436
-0.2327	-2.7391	-0.0466	0.5119	-0.1203	0.5269	-0.1129	-0.0807	0.4494
-0.3268	0.262	-3.05	-0.4851	-0.7325	-0.2629	2.2166	-1.8502	-1.711
-0.283	0.5412	0.5747	-0.1195	0.2292	-0.0485	-0.5814	-0.569	-1.8121
-0.2479	0.2912	-0.4276	-0.3587	0.0563	-0.119	0.0062	0.2796	0.2027
0.0667	-0.2219	-1.573	1.114	1.6207	-0.1488	-0.1257	0.4707	-2.5019
-2.2959	-0.0622	-1.2567	-0.2434	0.0932	1.1191	-0.4543	-0.1994	-1.5001
1.365	0.2247	-0.6561	-0.5339	-0.006	-0.4934	-1.1816	1.0793	-0.0258
1.1747	0.1492	-0.5464	-0.1465	-0.0166	-0.4665	-1.139	1.0713	0.0662
1.0165	0.268	-0.6346	-0.5105	0.2119	-0.4395	-1.2931	1.1233	0.0918
1.0193	0.2438	-0.6399	-0.5118	0.2117	-0.3892	-1.2889	1.1541	0.0671
1.0592	0.3847	-0.6265	-0.7878	0.0449	-0.5541	-1.3178	1.1949	0.0429
1.221	0.1362	-0.7218	-0.9736	-0.1522	-0.5401	-1.427	1.265	-0.0521
1.3045	0.134	-0.7192	-0.8938	-0.1492	-0.552	-1.4368	1.2578	-0.0515
-0.4946	0.4978	-0.5252	-1.4982	0.2048	-0.269	-0.2046	0.4891	0.1256
1.0002	-0.039	0.139	0.4143	-0.0133	0.3971	0.0196	-0.3318	0.0208
-4.602	0.6549	-7.1175	-2.6736	-3.9249	-1.9524	-12.5254	10.0712	-9.2582
-4.5843	0.657	-7.1073	-2.6844	-3.9151	-1.9257	-12.5491	10.099	-9.237
0.1905	0.4079	-0.5294	-1.1504	0.1891	-0.2791	-0.1067	0.4168	0.1338
0.6277	-0.1334	0.4673	0.2561	-0.5292	-0.7876	-0.0361	0.6593	0.7419
1.5783	0.2407	4.2148	2.1959	1.3734	-4.6974	5.3985	13.36	5.6434
-4.8428	0.3639	0.2948	-0.3588	-0.3201	0.7673	0.1306	-0.2487	0.2005
-0.3181	-0.2776	-0.263	0.4048	-0.5983	-0.2789	0.3023	0.1809	0.1143
-0.3126	-0.2677	-0.2649	0.4064	-0.6294	-0.2791	0.2147	0.3309	0.1374
-0.3285	0.3242	-0.1995	0.9573	0.4323	-0.9052	0.8789	-0.3745	0.1982
-0.3651	1.5415	-0.1408	0.3399	-0.4576	-0.242	0.3853	-0.0621	-0.0584
-0.4074	0.1868	-0.3169	0.4871	-0.5768	-0.3036	0.2961	0.0652	0.1196
-0.4574	0.1817	-0.2959	0.4792	-0.6076	-0.2643	0.2894	0.0734	0.0626
-0.6841	0.2743	-0.2443	0.4952	-0.5409	-0.2267	0.36	0.0233	0.1817
-0.4571	0.3901	-0.2474	0.946	-1.8303	0.3254	0.3025	0.1398	-0.3771
0.0757	0.2878	-0.3777	0.1852	-0.1583	0.0012	0.1287	0.082	0.1132
-0.1943	0.6386	-0.3854	0.1569	-0.5228	-0.1135	0.0947	0.195	-0.0397
-0.1065	0.8048	-0.1145	-0.2076	1.569	0.6944	-0.3946	-0.3026	-0.3473
0.71	0.0262	-0.5315	0.0837	1.5263	0.9172	-0.4721	0.6363	0.0903
-0.3532	-0.0193	-0.4294	0.1215	-0.067	-0.0961	0.0178	0.1338	0.1762
-0.474	0.1435	-0.175	-0.1203	-1.0686	1.046	-1.3236	-0.5738	-0.4948
1.5818	-0.6656	0.1134	-0.7482	-0.857	-1.0497	-0.204	0.1558	0.6427
0.3521	-0.1499	0.3018	0.6387	0.9798	-1.4606	0.5567	0.7672	0.8003
-0.0539	0.1506	-0.3375	0.9841	-0.1559	0.029	0.0679	-0.0058	0.1415
-0.1132	-0.0954	0.0878	0.2462	-0.1768	0.3643	0.0868	-0.3359	-0.0716
1.116	0.4171	-0.2486	-0.3093	1.1542	-0.79	-0.3323	0.5181	0.9453
0.8428	0.2763	0.9286	-0.2522	1.5182	-0.0034	-0.4245	0.1064	-0.0614
0.8363	0.2785	0.9364	-0.2647	1.6931	0.0367	-0.5201	0.2078	-0.0369
0.8005	1.7047	-0.2087	0.4522	-0.1578	-0.2804	-0.1819	-0.1817	0.5457
-0.3339	1.4689	3.1393	4.5621	-11.6082	-8.2453	8.0967	-10.6474	4.4674
0.3812	-2.3903	0.4522	-0.4053	-2.4979	-0.3525	0.2453	-0.1849	-1.0628
1.197	1.7375	-0.1507	-0.1672	0.2273	-0.9729	1.2273	-0.6868	0.1563
4.0183	-1.6294	-14.2737	0.0563	-5.2431	-5.2221	6.992	8.8283	-5.1166
-0.0947	1.0111	2.148	-1.5046	3.0189	-3.9233	1.2672	-4.6121	-2.0871
0.0148	-1.1351	-4.1726	0.3812	0.9672	-1.2541	-1.8747	-0.0615	1.7948
-1.0288	3.7269	-0.1666	-1.8461	0.5836	1.4178	-1.444	0.5906	-0.6043
0.4578	0.0264	0.4959	0.1227	1.1841	0.5934	0.7647	-0.7793	0.9497
-2.1485	-0.382	-3.1542	-1.9032	-0.1154	-4.6834	4.3113	-0.5664	-0.1076
-1.7576	0.1294	-3.1526	-1.9116	-0.0622	-4.7463	4.3229	-0.5876	-0.2131
0.1496	0.347	-1.7042	0.3376	1.7257	-0.6112	0.5353	0.5725	-0.3696
0.1518	0.3654	-1.7158	0.3359	1.8968	-0.6071	0.5324	0.5781	-0.3709
-1.5347	4.2797	-0.1111	-2.6845	0.9803	1.0406	-1.5963	0.7456	0.4941
1.9807	-2.326	1.1119	-0.1504	-1.0358	0.2677	0.5429	0.1166	-1.6197
0.6129	-0.3323	1.6386	0.0231	0.3394	0.7693	0.9054	-0.5556	0.0788
0.6179	-0.3442	1.5683	0.0167	0.343	0.7599	0.9056	-0.5468	0.08
0.6215	-0.3526	1.6382	0.0142	0.3469	0.6896	0.9093	-0.56	0.0843
0.6166	-0.3467	1.645	0.0073	0.3509	0.7614	0.9046	-0.5201	0.0828
0.6057	-0.3401	1.6367	0.0197	0.3392	0.7614	0.9132	-0.5494	0.0447
0.5822	-0.3516	1.6411	0.0165	0.353	0.7635	0.9092	-0.5555	0.083
0.846	-1.5612	1.3704	-1.0881	-1.3776	-0.132	0.627	0.4335	-0.334
0.8458	-2.4532	1.328	-0.8171	-1.3763	-0.0538	0.6086	0.4763	-0.1861
-0.3136	-0.727	1.571	-0.3093	-1.0698	-1.0907	0.6607	0.9269	-0.0737
-0.42	-0.7237	1.5727	-0.3177	-1.0081	-1.0962	0.6608	0.9231	-0.0398
-0.4119	-0.7161	1.5575	-0.3019	-1.0774	-0.9618	0.6568	0.928	-0.1195
-0.4103	-0.6913	1.5521	-0.3094	-1.0805	-1.0844	0.6594	0.9299	-0.1108
-1.0435	-0.0535	0.099	0.0922	-0.5323	1.5754	0.9789	-0.0178	-0.502
-1.044	0.4121	0.5282	0.2578	-0.5596	-1.8388	1.8568	0.572	1.3006
-0.3973	-0.022	-0.2081	1.6815	-0.5207	0.8669	-0.3278	0.3749	0.0726
-0.3434	-0.3339	0.1122	-0.9495	-0.3167	-1.1394	0.5778	0.7535	1.044
-1.0024	0.3771	-0.0394	-2.9385	0.1557	-0.5801	-0.03	1.1551	0.7507
-0.5478	0.1634	0.2541	0.5885	-0.5438	-0.3295	0.679	0.2306	0.7717
-2.5056	0.211	0.1915	-0.4676	-0.1254	-0.1736	0.478	0.6252	0.9884
-0.7992	1.3349	0.2366	-1.6797	0.5534	-0.4542	0.2723	0.6456	0.7832
-0.9064	0.2609	-0.6032	-0.6521	-0.4284	-0.8768	0.1996	0.4857	1.2732
-0.8237	0.2597	-0.5942	-0.6503	-0.5305	-0.8799	0.199	0.4928	1.2783
-0.9198	0.2543	-0.5974	-0.6582	-0.4664	-0.8755	0.1906	0.4939	1.2687
-0.8639	0.26	-0.5975	-0.6484	-0.5171	-0.8782	0.2092	0.4879	1.2803
-0.9207	0.2538	-0.6024	-0.6082	-0.5283	-0.8789	0.195	0.4908	1.276
-0.9204	0.2674	-0.5922	-0.6644	-0.5172	-0.8788	0.2271	0.4868	1.2735
-0.9219	0.2626	-0.5263	-0.6542	-0.5223	-0.8745	0.2005	0.4917	1.27
-0.5196	0.3083	-0.0766	-0.2922	-0.5242	0.8815	0.5737	0.7599	0.3793
-0.5287	0.2995	-0.0716	-0.2939	-0.529	0.8824	0.7237	0.6276	0.3697
-0.5175	0.2977	-0.0698	-0.2938	-0.5237	0.7284	0.713	0.7507	0.3949
1.2892	0.7098	2.1171	1.3034	-0.3414	-1.0789	1.4384	-0.2978	1.0985
-1.5266	-0.5007	8.4557	-0.024	3.0111	6.7964	-7.0336	0.3669	-2.1481
0.2202	-0.5943	8.4918	0.1635	2.8015	6.7192	-7.0198	0.3745	-2.311
0.2165	-0.589	8.4886	0.1652	2.8418	6.7088	-6.988	0.3996	-2.2931
0.4359	0.5242	-0.0534	-0.0518	1.1789	-0.705	-0.162	0.2947	1.0265
0.5061	0.6448	-0.055	-0.0563	1.1455	-0.7027	-0.1799	0.2715	0.9599
0.6647	-0.8449	-0.0437	0.1251	0.027	0.3365	-2.5085	1.1512	-0.4226
0.5063	-0.437	0.163	0.5315	0.3054	0.2486	-1.8705	0.8127	-0.2529
0.6132	-0.334	0.1481	0.5303	0.3077	0.2404	-1.879	0.8426	-0.2987
0.3036	-0.5874	0.0411	0.3863	0.2253	0.2181	-1.9102	0.8646	-0.2887
0.2962	-0.5899	0.0454	0.3912	0.2371	0.2419	-1.8952	0.8642	-0.2899
0.4251	-0.1405	0.2502	0.6876	0.262	0.1695	-1.8456	0.7565	-0.0642
0.7231	-1.4761	0.3524	-0.4327	-0.5295	-5.5077	0.2839	1.4762	4.0343
0.9531	3.4409	1.0989	-1.2909	2.3988	-0.1905	-0.1859	-0.5117	-0.5955
0.9462	3.4486	1.131	-1.2808	2.2585	-0.1651	-0.17	-0.5261	-0.6369
0.9291	2.6255	1.2536	0.1718	1.2908	-0.0684	0.059	-0.6773	-0.5173
-0.4121	-0.2191	-0.7305	0.526	-0.5186	-0.1605	0.8858	-0.3519	-0.3172
-0.4061	-0.2298	-0.7295	0.5266	-0.5219	-0.1714	0.8914	-0.3461	-0.3217
-0.4136	-0.2308	-0.7326	0.5224	-0.5217	-0.1635	0.8216	-0.3405	-0.3158
-0.4087	0.4325	-0.4747	-1.0642	1.3284	-0.5378	-0.2082	0.5213	0.626
0.9232	0.3246	1.0876	-0.1333	1.776	0.0619	-0.2094	-0.4456	0.037
0.4709	-1.7169	1.819	-0.0602	1.9965	1.2659	-0.7855	0.9865	1.9493
0.4766	-1.7189	1.8223	-0.0692	1.9732	1.1338	-0.7854	0.9894	1.9532
0.2052	1.8345	0.9261	-0.1017	-0.5228	-0.4381	-0.3667	-0.1596	-2.3205
0.4032	1.0054	0.1087	-1.2019	0.8688	-0.5528	-1.156	0.9123	-1.4585
0.298	0.5929	0.0636	-1.5518	0.9067	-0.5401	-1.1982	0.9865	-1.3997
0.3305	0.5956	0.1185	-1.5489	0.9217	-0.6041	-1.1941	0.9624	-1.381
0.4747	1.1421	0.1695	-1.0913	0.8671	-0.5654	-1.0852	0.8355	-1.5219
-0.4515	4.1533	0.1036	-1.3147	0.8301	-0.2388	-0.3522	0.9391	0.1402
0.2754	4.0684	0.2788	0.0867	0.5908	-0.2042	-0.2246	0.6378	0.0912
-0.1649	-1.0945	-0.043	0.2829	-0.0112	0.4933	-0.0044	-0.1773	0.248
0.4859	-0.1915	-0.0407	0.5067	0.0601	0.132	-0.0206	0.0531	1.2318
0.4211	-0.191	-0.0231	0.4985	0.0708	0.1447	-0.0172	0.048	1.3566
-0.1421	-0.3957	0.0415	0.3781	-0.3531	0.2045	0.1922	-0.097	0.6569
0.1613	-0.2539	0.1705	0.5761	-1.0736	0.4175	0.8796	-0.6078	0.1386
0.1573	-1.1317	0.0657	0.5529	-0.4958	0.2769	0.2354	-0.044	0.7812
1.3594	0.8124	0.8483	1.1569	1.3408	-0.125	0.6134	-1.1988	1.0038
1.3505	0.8109	0.831	1.1656	1.4408	-0.1359	0.6116	-1.1926	0.9982
-0.301	-0.0937	0.0063	0.4996	-0.1621	1.2431	-0.1377	-0.4164	-0.2463
1.3195	0.2263	0.4173	0.5043	-1.7682	-0.9501	0.1841	-0.2811	0.4021
1.3219	0.22	0.4116	0.5128	-1.7673	-0.9183	0.1603	-0.3047	0.3825
0.113	-0.2564	0.0992	0.6303	-0.0548	0.4501	0.2247	-0.4417	0.0679
0.1029	-0.2366	0.0997	0.546	-0.0475	0.4432	0.1954	-0.4345	0.0704
0.1232	-0.2888	0.0967	0.637	-0.0308	0.4456	0.2049	-0.4509	0.1177
-0.0541	-1.9002	0.0055	0.5999	-0.027	0.4994	0.1335	-0.2647	0.4297
-0.0137	-1.9069	-0.009	0.5901	-0.0357	0.4623	0.1369	-0.2589	0.4047
-0.24	-0.384	-0.7804	-0.9498	-1.1086	-0.1087	0.2547	-2.1036	0.0475
-1.5238	-0.2616	-0.1334	-0.4096	2.3812	-0.1827	0.481	-0.8664	0.2558
-0.356	-0.0714	-0.485	-0.8573	2.9693	-0.1002	-2.3104	0.9864	0.098
-0.3406	-0.0683	-0.5087	-0.8655	2.9714	-0.1004	-2.3019	0.9909	0.1219
-0.3399	-0.0697	-0.4766	-0.8739	2.9657	-0.0965	-2.3123	0.9905	0.0915
-0.3464	-0.0362	-0.4801	-0.8543	2.9699	-0.1061	-2.3088	0.9784	0.1027
-0.3842	-0.0658	-0.4851	-0.8559	2.9741	-0.1037	-2.3074	0.9869	0.1325
-0.2244	1.1401	0.0038	-0.7595	-0.1782	0.465	-1.7345	1.3067	-0.876
0.8571	0.4334	0.0514	0.2882	-0.5313	-0.3201	0.3363	-0.6038	-0.7101
0.1423	0.4708	4.9306	-0.6728	-1.4989	0.5221	0.6702	0.9415	-0.294
1.7188	0.6902	0.0969	0.8368	0.8512	-0.5235	0.5942	0.2712	1.8603
1.7101	0.6864	0.0495	0.8408	0.843	-0.5349	0.5973	0.2179	1.8623
-1.3052	-0.2573	1.2425	1.0173	0.8394	-0.3646	0.2888	-0.4639	-0.0465
0.8783	0.7425	-1.4728	0.8246	2.1061	-1.0312	-1.837	1.1275	1.0448
-0.4639	0.5619	-0.5012	-2.0594	0.5179	-0.3103	0.6381	0.1966	-0.6107
-0.4278	0.554	-0.5125	-1.9156	0.5054	-0.3191	0.6345	0.1801	-0.6557
-0.5261	-2.1523	0.2165	0.2938	-2.0041	2.2932	0.2013	2.584	0.3351
-0.3834	0.9395	-0.863	-0.4018	-1.5585	1.9695	0.0502	2.5102	-0.2463
0.91	0.146	-0.3432	-0.8695	1.3027	-0.4527	-1.2686	0.9664	-1.3738
0.9066	0.1393	-0.3515	-0.8288	1.2966	-0.4781	-1.2905	0.952	-1.3286
1.3824	0.3002	0.3345	-0.4594	0.2099	0.3621	0.527	-2.2089	0.9613
-0.0816	0.5072	0.2523	0.8094	-0.4574	0.7453	0.5219	-2.1082	-0.8885
-0.0789	0.5057	0.2291	0.7976	-0.4817	0.7637	0.5102	-2.0828	-0.9033
0.3976	0.4799	0.259	0.1877	-0.2102	0.3468	0.5685	-1.92	-0.1807
0.359	0.4849	0.2595	0.2182	-0.2056	0.3966	0.511	-1.9163	-0.2119
-0.3106	0.074	0.6335	0.1291	-0.3255	0.6205	0.3267	0.4082	-0.2188
0.1483	0.6294	-2.5515	0.1762	0.8391	-1.0247	0.3388	0.7163	1.326
0.1482	0.635	-2.5149	0.172	0.8393	-0.9869	0.3439	0.7171	1.3957
0.1463	0.6333	-2.5202	0.1725	0.8067	-1.0263	0.344	0.7102	1.4017
-5.9268	1.8912	7.185	6.1189	1.9434	-4.9503	4.1909	-4.4512	-5.5514
0.7589	-0.0273	-1.2803	0.0976	-0.8925	-0.2348	-0.0502	0.3081	-0.3326
0.7675	-0.0398	-1.367	0.0912	-0.8047	-0.2129	-0.0819	0.3451	-0.3149
0.7229	-0.058	-1.3736	0.0873	-0.8157	-0.2266	-0.0683	0.3351	-0.3312
0.9034	-0.2258	-1.1184	0.0865	-0.9994	-0.227	2e-04	0.3008	-0.4162
0.9082	-0.2079	-1.0768	0.086	-1.0251	-0.2489	-0.0074	0.3037	-0.3661
0.9079	-0.2172	-1.0945	0.0907	-1.0238	-0.257	-0.0128	0.2962	-0.4
-0.791	-0.7311	-0.2578	0.986	-0.33	0.9686	-0.1265	0.423	0.2657
-0.7862	-0.7406	-0.2498	0.9963	-0.3281	0.969	-0.1202	0.4675	0.2703
-0.7863	-0.6999	-0.2523	0.9995	-0.3316	0.9633	-0.1222	0.462	0.2778
-0.3309	-0.0396	-0.8796	-1.0049	-0.1767	-0.1348	-0.1176	0.2457	-0.4048
-0.2468	1.1532	-0.7749	-1.0187	-0.1376	-0.1407	-0.003	0.0249	-0.586
-0.3511	0.1167	-1.7027	-2.5339	5.9795	2.553	-5.2912	-1.5813	-4.3918
-0.3759	0.1399	-1.6962	-2.5379	5.9693	2.5674	-5.2846	-1.5701	-4.3982
-0.3712	0.1175	-1.6816	-2.3856	5.9398	2.5767	-5.2705	-1.6036	-4.3951
-0.3353	0.1134	-1.6997	-2.5437	5.9593	2.5372	-5.271	-1.6217	-4.4041
-0.1452	-0.4412	-1.5655	-1.4796	5.7168	2.6527	-5.071	-1.7908	-4.2721
-0.1457	-0.2504	-1.5558	-1.5396	5.7384	2.6233	-5.1071	-1.7967	-4.2914
-0.2885	0.062	-1.5977	-2.2465	5.9382	2.545	-5.2463	-1.5933	-4.309
-0.2519	0.311	-0.4149	-0.2975	-0.0019	-0.0461	-0.1581	0.3041	0.0949
-0.0046	-0.1917	0.2029	1.0066	-0.1092	0.4862	0.1275	-0.4705	0.0645
-0.1938	0.1113	-0.2995	0.0676	-0.0548	-0.116	0.1526	0.1664	0.1938
-0.8601	-2.205	-4.4846	-0.1666	1.6323	0.8872	-10.5089	5.6531	-0.9872
-1.1764	-1.0429	-4.5614	-1.1464	1.8387	1.0162	-10.7393	5.7368	-1.2115
1.5033	0.23	0.0716	0.3407	-0.0953	0.2062	-0.012	-0.4088	-0.2049
0.763	-0.5493	1.0091	0.005	1.5243	0.0793	-0.1792	-0.4044	0.0658
0.0779	1.8777	-1.6195	0.3757	-0.1035	-0.1252	-0.5754	1.3364	-0.276
0.504	2.4751	-1.3267	0.6128	-0.073	0.0989	-0.2336	0.4668	-0.448
-0.2493	1.8648	-1.3169	0.7577	0.0241	0.5787	-0.2249	0.4531	-0.3785
0.7583	-0.1743	0.056	-1.0887	-0.0355	-0.0989	-1.3638	0.71	1.3317
0.7589	-0.7078	-0.0363	-0.917	-0.0708	-0.0608	-1.4064	0.7623	1.4645
0.8817	1.4206	0.097	-1.1309	0.1042	-0.096	-1.2433	0.427	1.0681
-0.4696	0.3068	-0.1688	-2.4045	0.6642	0.1484	-0.5	0.2705	-0.0219
-0.2903	-0.7041	-0.8243	-0.5795	-1.2056	0.0335	0.3317	-2.4397	-0.0802
-0.3158	-0.3072	-0.775	-0.748	-1.1835	-8e-04	0.2883	-2.1312	-0.0722
1.086	0.5993	2.0902	-0.7214	2.8142	-3.9965	1.2764	-4.627	-2.1475
1.494	0.7081	2.0239	-2.1977	2.9714	-4.1914	1.0673	-4.3464	-2.1983
0.0592	-2.7425	0.2663	0.6516	-0.8133	-5.154	0.387	1.3301	4.183
-0.679	0.4303	-0.938	-0.3858	-0.3182	0.7118	-1.3872	-1.2066	-0.5191
-0.6734	0.4329	-0.9516	-0.3832	-0.321	0.7064	-1.2152	-1.2044	-0.5196
-0.6304	0.4362	-0.9498	-0.3919	-0.3244	0.7122	-1.3883	-1.1986	-0.5267
-0.6628	0.4272	-0.948	-0.3875	-0.3282	0.7097	-1.3865	-1.201	-0.5049
-0.9761	0.6008	-0.9465	-0.6081	-0.7663	-0.0044	0.1728	-0.695	-0.3408
-0.6112	0.5928	-0.9499	-0.5709	-0.3254	0.1162	0.8227	-0.2227	-0.8595
-0.76	0.6352	-0.9372	-0.9628	-0.3285	0.0857	-0.75	0.051	0.4618
-0.7581	0.6346	-0.9383	-0.9679	-0.3275	0.0515	-0.7512	0.0519	0.585
-0.2515	0.5025	-0.8211	-1.2353	-0.2252	0.267	-0.331	-0.1172	-0.2775
-0.4926	-0.5193	-0.3223	0.3471	0.3262	-0.9115	-0.6264	0.1595	0.3243
-0.4901	-0.4003	-0.3009	0.3387	0.3258	-0.9188	-0.6361	0.0884	0.3266
-0.4948	-0.4222	-0.3142	0.3379	0.3337	-0.9109	-0.6316	0.0814	0.327
-0.4851	-0.5186	-0.3378	0.3839	0.3214	-0.9279	-0.6336	0.081	0.3194
-2.1029	0.6205	0.1663	0.5346	0.6154	-1.4417	0.8885	0.5086	0.7234
-2.8149	0.6218	0.1532	0.3599	0.6179	-1.4451	0.8952	0.5035	0.728
-2.8237	0.511	0.1664	0.5327	0.6059	-1.4398	0.8927	0.5135	0.7219
-2.1066	0.6273	0.186	0.5445	0.6113	-1.4458	0.8988	0.511	0.7219
1.3546	1.274	-0.0539	0.3842	0.6547	-1.4087	0.1761	0.0581	0.2476
0.2888	3.6861	0.2487	-0.372	0.5909	2.5545	-2.4254	1.2065	-3.4802
-1.9301	-0.1744	0.4897	0.9724	0.4145	0.8787	0.2299	0.2255	0.3995
-1.9368	-0.179	0.536	0.9704	0.4248	0.885	0.2238	0.2283	0.4775
-1.9285	-0.1754	0.5429	0.8794	0.4148	0.8755	0.2355	0.2248	0.4149
-0.1436	1.467	-0.3572	0.066	-0.0784	-0.0223	0.1562	0.0227	-0.5081
0.8356	-1.4308	-0.0106	-0.4248	-1.0686	-0.0422	-1.4898	0.5747	1.2504
0.8251	-1.4353	0.0042	-0.5837	-1.0746	-0.0456	-1.489	0.5794	1.2516
0.5148	-0.9655	-0.1701	-0.8581	1.9341	0.0785	-1.6111	0.5571	1.9379
-2.1523	0.4597	1.4167	-0.0427	0.9515	-0.4974	-0.9191	1.0349	-0.1292
-1.7145	0.1179	1.9021	0.5771	0.1072	-0.6718	-1.1441	1.1473	-0.4
-1.7463	0.3348	1.4431	-0.1581	-0.5172	-0.5664	-0.8786	1.0433	-0.5072
0.8747	0.3442	0.9605	1.0482	-0.2094	-1.4207	0.9997	0.6616	0.4849
0.886	0.3304	0.9656	1.0491	-0.2152	-1.5212	0.9959	0.67	0.4836
-0.2293	-0.138	-0.3478	0.5124	-0.3317	0.0046	0.1388	0.0802	0.2466
0.0233	1.0517	0.9627	-0.0543	-0.0076	-0.8293	-0.0315	-0.4423	0.5611
-0.5927	0.9221	0.5856	-1.0029	0.0564	-0.2713	-0.525	0.0053	0.4489
-0.6402	0.7161	0.5761	-1.0863	0.1004	-0.3048	-0.5537	0.0778	0.5107
-0.9975	0.3995	0.1892	-0.167	0.7209	-0.0703	-0.5077	-0.0599	0.715
-0.4363	0.4578	0.4488	-0.7865	0.4087	0.1774	-1.3016	-1.2622	0.8339
-0.6326	0.3267	0.5768	-0.4998	-0.0186	-0.264	-0.4137	-0.1185	0.5555
-0.8552	0.4332	1.1677	-1.2589	-0.5212	-0.4621	-0.273	0.907	0.6313
-1.1973	-0.6149	0.5528	-0.2176	-0.1624	0.1476	-0.5274	-0.0238	0.6513
-0.791	1.5707	-0.4437	0.245	0.1144	-0.1115	-1.7598	0.5206	0.454
-0.852	1.4114	-0.4675	0.2405	0.1103	-0.091	-1.7656	0.5221	0.4456
-0.4374	0.5493	-0.6179	0.2089	0.1086	-0.1226	-2.072	0.6836	0.4419
-1.029	0.2808	0.3377	0.3545	0.6556	0.0129	-0.0927	-0.4227	-0.2992
-1.1164	0.2717	0.343	0.3552	0.6529	0.0149	-0.0988	-0.4129	-0.2838
-1.1071	0.2762	0.3438	0.347	0.6507	0.0139	-0.0375	-0.4246	-0.2561
-1.1148	0.2749	0.3328	0.3545	0.5911	0.0052	-0.091	-0.4227	-0.3236
-1.1151	0.282	0.3346	0.3538	0.6489	0.0486	-0.0878	-0.4266	-0.2989
-1.1119	0.2917	0.3301	0.3516	0.6571	0.0187	-0.0827	-0.4249	-0.2473
-0.3349	1.7463	0.5379	-0.2825	-0.7547	0.073	-0.058	-0.4436	-1.0635
0.4352	1.1713	0.3474	0.5081	-0.2521	0.615	-0.3953	-0.7464	-1.2703
0.4844	1.1677	0.401	0.5058	-0.2464	0.6109	-0.3372	-0.7501	-1.2672
-0.5364	0.6643	1.3351	-0.3047	0.1917	0.1288	-0.0054	-0.7505	0.2519
0.4333	0.9976	0.4655	0.259	-0.0936	0.0996	0.0109	-0.601	-0.7479
1.0991	0.2808	0.6553	-0.812	0.855	-0.1387	0.2655	-0.7875	0.5702
0.8559	-1.9577	0.1605	1.0217	-1.079	-0.1836	0.8513	0.275	-0.2863
-0.6217	-0.4341	1.0311	-1.451	0.9413	-0.4629	0.4777	-1.1045	1.4812
-0.2101	-0.4869	1.3368	-0.3681	1.1159	-0.3487	0.5441	-0.8243	1.6689
-0.2467	-0.4931	1.333	-0.3758	1.4512	-0.348	0.5342	-0.8208	1.6685
-0.9203	-0.5074	1.2221	0.0555	0.3617	-0.2976	0.622	-0.9267	1.3902
0.9516	-0.561	0.2576	0.0843	-0.4025	-0.0019	-0.3016	-0.038	0.4209
-0.315	1.5457	-1.2497	-1.152	0.291	-0.3651	-0.7534	1.5817	-0.1969
1.3928	0.0922	0.7767	0.6166	0.1772	-0.1795	0.538	-1.1214	0.5564
-1.7473	-0.1251	-3.0711	-1.8646	-0.1205	-4.7483	4.4413	-0.6409	-0.204
-0.0564	-1.271	0.118	-0.6041	0.1161	-0.4179	-1.7568	1.6898	1.2695
-0.026	-1.2731	0.1026	-0.5971	0.0856	-0.4414	-1.7564	1.7439	1.2768
0.0522	-1.3539	0.3834	-0.9417	-0.6001	-1.354	1.7404	-0.6388	0.2322
0.0426	-1.3602	0.3723	-0.9442	-0.5673	-1.3535	1.7349	-0.6495	0.2387
-0.3806	0.0057	-0.4731	-0.3872	-0.0321	-0.0595	0.0089	0.1767	0.0366
-0.326	-0.0474	-0.434	-0.2027	-0.0864	-0.0702	0.0628	0.1312	0.0269
-0.3701	-0.0457	-0.4458	-0.2356	-0.041	-0.0992	0.0012	0.1584	0.0745
6.7878	0.4139	2.7694	-6.8312	6.9971	-5.5426	-4.6006	2.326	-1.8616
6.7861	0.2308	2.7886	-6.8118	6.9958	-5.5298	-4.6408	2.4322	-1.7495
0.529	0.3475	0.2933	-0.0499	0.4654	-0.7714	-0.7753	0.6741	-1.2522
-0.0356	0.9659	-0.451	0.2797	0.9575	-0.2391	0.6689	-0.4391	-0.0631
1.0077	-0.4467	-0.4934	0.2532	-1.0838	1.2051	-0.3081	0.1249	0.6338
0.9036	-0.4903	-0.496	0.2614	-1.0693	1.2083	-0.3049	0.1258	0.6312
0.8897	-0.489	-0.5022	0.2546	-1.0721	1.2151	-0.2964	0.1257	0.6355
0.8345	0.5982	1.3782	0.462	-0.8558	-0.1782	0.3046	-0.2729	1.1792
-0.6392	0.2418	-1.2325	-2.7901	-1.3481	0.4693	-0.7502	-0.0504	-1.1535
-0.642	0.2362	-1.2301	-2.7833	-1.5244	0.4666	-0.7342	-0.0518	-1.2026
0.5648	-0.7618	0.5661	1.7426	-0.8845	-5.3072	0.6818	0.8221	3.9474
1.7856	0.6462	0.847	0.8447	-1.0387	3.0358	-0.4233	-1.2774	-2.3181
1.3064	0.0105	1.0094	0.1655	0.7441	-0.4795	0.9506	-0.8344	-0.6569
1.3102	-0.0231	1.0326	0.1106	0.7439	-0.4727	0.9538	-0.8322	-0.651
1.7224	-0.1663	0.7463	0.0856	-0.3324	-0.3258	-0.4775	-0.7109	-1.2057
1.7244	-0.1673	0.7567	0.0821	-0.3162	-0.4108	-0.4754	-0.7053	-1.2036
1.7157	-0.1677	0.7479	0.0858	-0.3316	-0.4093	-0.4715	-0.717	-1.1966
1.2927	-0.4609	1.1458	1.1415	-0.3309	-0.3557	-0.1923	-1.874	-1.3721
1.2278	-0.4523	1.1446	1.1482	-0.3323	-0.3481	-0.194	-1.8719	-1.3789
-2.4948	0.7853	-0.4074	-1.5601	0.4366	0.0043	-0.2639	0.6732	0.1574
-2.7488	0.779	-0.4146	-1.5507	0.4659	0.0187	-0.2912	0.6334	0.195
-0.4598	0.6334	0.2081	0.7937	0.0669	0.4211	0.2194	-0.6038	0.1413
-0.238	0.2089	-0.362	0.0287	-0.0378	-0.047	-0.0481	0.1416	0.1336
-0.2496	0.2065	-0.3098	0.0301	-0.0569	-0.0954	-0.0131	0.1176	0.1376
0.503	0.037	-0.4646	0.4632	-0.3205	1.749	-0.3354	0.1565	-0.3806
-1.7708	0.2873	-1.2066	-0.3667	0.1834	0.2131	-0.7543	1.4992	0.0948
-0.1537	0.0813	-0.8447	0.2157	-4.3861	0.1242	0.1259	1.0973	-1.882
-0.152	0.194	-0.8407	0.219	-4.3821	0.0453	0.1308	1.1031	-1.9026
-0.5135	0.0972	-0.9134	-0.5263	-1.7971	-0.4043	0.6173	1.0612	-1.4326
-0.0566	0.3956	-1.3074	-0.4119	-0.6464	-0.3378	0.2462	1.0924	-1.2531
-0.0481	0.3955	-1.3172	-0.4071	-0.6432	-0.3298	0.2426	1.0682	-1.2604
-1.4554	-0.3061	-0.6049	-1.3226	-0.7779	-0.7699	1.8207	0.7815	-0.8647
-1.4535	-0.3	-0.6118	-1.3181	-0.7734	-0.7736	1.8158	0.8221	-0.7635
7.4266	-0.4829	-7.0818	1.1024	-4.8781	1.6009	0.0293	-1.0891	-15.2918
-1.8739	-0.3062	-0.4438	0.3053	-0.1962	-0.2517	0.1603	0.2842	-0.2282
-1.8756	-0.3272	-0.3605	0.2985	-0.2023	-0.2588	0.1478	0.2909	-0.1751
0.5951	-0.5064	0.1433	0.3491	-0.8402	-1.1898	0.1405	-0.5263	0.6601
0.6215	-0.293	0.1713	1.0534	-0.2152	-1.3636	0.3339	-0.8158	0.7677
0.6295	-0.2977	0.1831	1.0561	-0.2166	-1.3543	0.2974	-0.8197	0.7749
0.6232	-0.3308	0.2483	0.9443	-1.0827	-1.1665	0.3349	-0.8179	0.6213
1.2764	-0.6657	1.0619	-0.2525	-0.5173	0.1938	1.781	-0.3361	-0.1592
1.2991	-0.6622	1.0636	-0.2524	-0.5277	0.1875	1.7815	-0.3422	-0.1749
1.4026	-0.6512	1.0666	-0.2515	-0.5227	0.1929	1.7848	-0.4047	-0.176
1.2959	-0.6538	1.0639	-0.2495	-0.5244	0.1895	1.7854	-0.3439	-0.1701
1.803	1.0166	1.6739	0.6713	-0.3267	-0.0437	-0.591	-0.447	0.4445
1.8789	0.3318	1.9319	0.4346	-0.4264	-0.7761	0.0675	0.6689	-0.0121
2.4462	0.863	-1.6005	-0.1582	-0.3231	-0.6533	-0.2751	1.0091	-0.6926
2.4498	0.8601	-1.6065	-0.1733	-0.3138	-0.6574	-0.275	1.004	-0.6885
2.0238	0.7721	1.8562	1.4689	-0.6726	-0.0269	0.9668	-0.3628	-0.6555
-0.5392	-0.4375	1.3656	0.1631	-4.5175	-0.0906	-0.6994	0.7479	-1.4216
-0.5999	-0.4515	1.2299	0.2778	-4.5432	0.0152	-0.5345	0.7663	-1.487
-0.5179	-0.6879	1.2212	0.4554	-4.61	-0.077	-0.507	0.7145	-1.457
-0.2675	-0.2958	0.2438	0.1704	0.1086	0.4425	0.0986	-0.3677	0.2224
-0.2801	-0.2914	0.2372	0.2078	0.0863	0.4532	0.0737	-0.3792	0.2195
-0.1707	-0.4522	0.1364	0.2032	0.0935	0.3484	0.162	-0.3956	0.2492
-0.2809	-0.3307	-0.1182	0.3356	0.21	-0.1794	1.4518	-1.4172	-0.3596
1.7742	0.2769	-0.8221	0.0816	-1.3441	0.3882	0.5892	-1.2776	-5.1657
-0.3663	0.3091	-0.3149	0.4585	-0.3205	-0.9332	1.0684	-1.966	0.7984
-0.3543	0.3177	-0.3158	0.4664	-0.3209	-0.9337	1.1535	-2.1307	0.8043
-0.3692	0.1688	-0.3212	0.4689	-0.3122	-0.9269	1.0716	-2.1278	0.8102
-0.3232	0.3144	-0.3118	0.4659	-0.3283	-0.9324	1.0695	-2.1194	0.803
-0.4356	-0.8904	0.4135	2.0545	-0.6546	0.1402	1.4765	0.199	-0.293
-0.4407	-0.892	0.4197	2.0602	-0.6582	0.1495	1.4825	-0.0661	-0.3707
0.3741	-0.0526	-3.9532	1.6371	0.7648	-1.1749	-1.561	-0.6458	1.6506
0.4133	0.2948	-4.0348	1.342	0.8196	-1.2309	-1.5329	-0.6429	1.6058
-0.3003	-0.5811	-0.3491	0.2774	-0.1882	-0.0138	0.0401	0.1226	0.2066
-0.5163	0.6618	-0.3389	1.5466	0.7235	-0.0696	0.887	-0.6363	0.0472
